ts,agent_id,cvip,cvip_x,cvip_y,cvip_z
67872,0,500.4911885387494,198.76744079589844,-95.83265686035156,-499.8193664550781
67873,0,5.595579574090421,195.56744384765625,-90.83265686035156,0.09999999403953552
67874,0,5.592365059106882,195.56744384765625,-90.83265686035156,0.09540698677301407
67875,0,5.589577830706274,195.56744384765625,-90.83265686035156,0.08469131588935852
67876,0,5.587154487252182,195.56744384765625,-90.83265686035156,0.0693112164735794
67877,0,5.58490284657624,195.56744384765625,-90.83265686035156,0.05613723769783974
67878,0,5.583078219951395,195.56744384765625,-90.83265686035156,0.04550548270344734
67879,0,5.582027767701456,195.56744384765625,-90.83265686035156,0.03692970052361488
67880,0,5.581839537785531,195.56744384765625,-90.83265686035156,0.030015792697668076
67881,0,5.581937002716514,195.56744384765625,-90.83265686035156,0.024444427341222763
67882,0,5.582054312131681,195.56744384765625,-90.83265686035156,0.01995697058737278
67883,0,5.582115992201545,195.56744384765625,-90.83265686035156,0.01634414680302143
67884,0,5.582104629980321,195.56744384765625,-90.83265686035156,0.013436851091682911
67885,0,5.582061392693935,195.56744384765625,-90.83265686035156,0.011098288930952549
67886,0,5.58203731373542,195.56744384765625,-90.83265686035156,0.009217948652803898
67887,0,5.581991710267062,195.56744384765625,-90.83265686035156,0.007706718053668737
67888,0,5.581948395724954,195.56744384765625,-90.83265686035156,0.00649261474609375
67889,0,5.581915910632607,195.56744384765625,-90.83265686035156,0.0055175782181322575
67890,0,5.581894103986878,195.56744384765625,-90.83265686035156,0.004734840244054794
67891,0,5.581857788633585,195.56744384765625,-90.83265686035156,0.004106712061911821
67892,0,5.581852601613148,195.56744384765625,-90.83265686035156,0.003602867014706135
67893,0,5.581852851883691,195.56744384765625,-90.83265686035156,0.003198814345523715
67894,0,5.581844342228537,195.56744384765625,-90.83265686035156,0.002874908270314336
67895,0,5.581850665159098,195.56744384765625,-90.83265686035156,0.0026153563521802425
67896,0,5.581858257548936,195.56744384765625,-90.83265686035156,0.00240745535120368
67897,0,5.581851332686023,195.56744384765625,-90.83265686035156,0.0022409819066524506
67898,0,5.581859368672208,195.56744384765625,-90.83265686035156,0.0021076963748782873
67899,0,5.581867010920091,195.56744384765625,-90.83265686035156,0.0020010375883430243
67900,0,5.581874055145872,195.56744384765625,-90.83265686035156,0.0019157028291374445
67901,0,5.581874153846434,195.56744384765625,-90.83265686035156,0.0018474578391760588
67902,0,5.581879768039407,195.56744384765625,-90.83265686035156,0.00179290771484375
67903,0,5.58188466719281,195.56744384765625,-90.83265686035156,0.0017492675688117743
67904,0,5.58188889394076,195.56744384765625,-90.83265686035156,0.0017144393641501665
67905,0,5.581892507850435,195.56744384765625,-90.83265686035156,0.0016865539364516735
67906,0,5.581895574108779,195.56744384765625,-90.83265686035156,0.0016643141862004995
67907,0,5.581898159164865,195.56744384765625,-90.83265686035156,0.0016465758671984076
67908,0,5.581900327346283,195.56744384765625,-90.83265686035156,0.001632423372939229
67909,0,5.58190213779374,195.56744384765625,-90.83265686035156,0.0016210937174037099
67910,0,5.581903642873353,195.56744384765625,-90.83265686035156,0.0016120909713208675
67911,0,5.581904890803503,195.56744384765625,-90.83265686035156,0.0016048812540248036
67912,0,5.581905921641135,195.56744384765625,-90.83265686035156,0.0015991592081263661
67913,0,5.581906771538084,195.56744384765625,-90.83265686035156,0.0015946197090670466
67914,0,5.581907470548025,195.56744384765625,-90.83265686035156,0.0015909957000985742
67915,0,5.581908044037622,195.56744384765625,-90.83265686035156,0.001588096609339118
67916,0,5.581908514650709,195.56744384765625,-90.83265686035156,0.0015857695834711194
67917,0,5.581908899159369,195.56744384765625,-90.83265686035156,0.0015839386032894254
67918,0,5.581909213320883,195.56744384765625,-90.83265686035156,0.0015824889997020364
67919,0,5.581903223963587,195.56744384765625,-90.83265686035156,0.0015813064528629184
67920,0,5.581903252948857,195.56744384765625,-90.83265686035156,0.0015813064528629184
67921,0,5.58190332903052,195.56744384765625,-90.83265686035156,0.0015813064528629184
67922,0,5.581903418670491,195.56744384765625,-90.83265686035156,0.0015813064528629184
67923,0,5.581903512915525,195.56744384765625,-90.83265686035156,0.0015813064528629184
67924,0,5.581903606356219,195.56744384765625,-90.83265686035156,0.0015813064528629184
67925,0,5.581903695022975,195.56744384765625,-90.83265686035156,0.0015813064528629184
67926,0,5.581903776753006,195.56744384765625,-90.83265686035156,0.0015813064528629184
67927,0,5.581903850875037,195.56744384765625,-90.83265686035156,0.0015813064528629184
67928,0,5.581903916909861,195.56744384765625,-90.83265686035156,0.0015813064528629184
67929,0,5.581903975318798,195.56744384765625,-90.83265686035156,0.0015813064528629184
67930,0,5.581904026094546,195.56744384765625,-90.83265686035156,0.0015813064528629184
67931,0,5.5819040698721105,195.56744384765625,-90.83265686035156,0.0015813064528629184
67932,0,5.581904107523169,195.56744384765625,-90.83265686035156,0.0015813064528629184
67933,0,5.58190413994218,195.56744384765625,-90.83265686035156,0.0015813064528629184
67934,0,5.581904167532778,195.56744384765625,-90.83265686035156,0.0015813064528629184
67935,0,5.581904190742026,195.56744384765625,-90.83265686035156,0.0015813064528629184
67936,0,5.581904210017552,195.56744384765625,-90.83265686035156,0.0015813064528629184
67937,0,5.581904210017552,195.56744384765625,-90.83265686035156,0.0015813064528629184
67938,0,5.581904218789548,195.56744384765625,-90.83265686035156,0.0015813064528629184
67939,0,5.58190422644934,195.56744384765625,-90.83265686035156,0.0015813064528629184
67940,0,5.581904234794168,195.56744384765625,-90.83265686035156,0.0015813064528629184
67941,0,5.581904242882593,195.56744384765625,-90.83265686035156,0.0015813064528629184
67942,0,5.581904250778779,195.56744384765625,-90.83265686035156,0.0015813064528629184
67943,0,5.581904258225899,195.56744384765625,-90.83265686035156,0.0015813064528629184
67944,0,5.581904264795878,195.56744384765625,-90.83265686035156,0.0015813064528629184
67945,0,5.581904270724041,195.56744384765625,-90.83265686035156,0.0015813064528629184
67946,0,5.581904270724041,195.56744384765625,-90.83265686035156,0.0015813064528629184
67947,0,5.581904280590468,195.56744384765625,-90.83265686035156,0.0015813064528629184
67948,0,5.581904280590468,195.56744384765625,-90.83265686035156,0.0015813064528629184
67949,0,5.5819042880387935,195.56744384765625,-90.83265686035156,0.0015813064528629184
67950,0,5.5819042880387935,195.56744384765625,-90.83265686035156,0.0015813064528629184
67951,0,5.5819042880387935,195.56744384765625,-90.83265686035156,0.0015813064528629184
67952,0,5.581904295487419,195.56744384765625,-90.83265686035156,0.0015813064528629184
67953,0,5.581904295487419,195.56744384765625,-90.83265686035156,0.0015813064528629184
67954,0,5.581904295487419,195.56744384765625,-90.83265686035156,0.0015813064528629184
67955,0,5.581904295487419,195.56744384765625,-90.83265686035156,0.0015813064528629184
67956,0,5.581904295487419,195.56744384765625,-90.83265686035156,0.0015813064528629184
67957,0,5.581904295487419,195.56744384765625,-90.83265686035156,0.0015813064528629184
67958,0,5.581904295487419,195.56744384765625,-90.83265686035156,0.0015813064528629184
67959,0,5.581904295487419,195.56744384765625,-90.83265686035156,0.0015813064528629184
67960,0,5.5819043016306225,195.56744384765625,-90.83265686035156,0.0015813064528629184
67961,0,5.5819043016306225,195.56744384765625,-90.83265686035156,0.0015813064528629184
67962,0,5.5819043016306225,195.56744384765625,-90.83265686035156,0.0015813064528629184
67963,0,5.5819043016306225,195.56744384765625,-90.83265686035156,0.0015813064528629184
67964,0,5.5819043016306225,195.56744384765625,-90.83265686035156,0.0015813064528629184
67965,0,5.5819043016306225,195.56744384765625,-90.83265686035156,0.0015813064528629184
67966,0,5.581916803836845,195.56744384765625,-90.83265686035156,0.0015813064528629184
67967,0,5.58687922740081,195.56744384765625,-90.83263397216797,0.0015820693224668503
67968,0,5.592250049694356,195.56768798828125,-90.82512664794922,0.0015269850846379995
67969,0,5.596150659268599,195.5682830810547,-90.8080062866211,0.0014392470475286245
67970,0,5.598643338461083,195.5691680908203,-90.78170776367188,0.0013419341994449496
67971,0,5.600005021279981,195.5703887939453,-90.74675750732422,0.0012477874988690019
67972,0,5.600343508696706,195.57174682617188,-90.70368957519531,0.0011639404110610485
67973,0,5.6000029924355115,195.5734405517578,-90.65308380126953,0.0010935973841696978
67974,0,5.599300438812166,195.5754852294922,-90.59553527832031,0.0010380554012954235
67975,0,5.598250183846358,195.5774383544922,-90.53160858154297,0.0009969329694285989
67976,0,5.59724232874296,195.5795440673828,-90.4619140625,0.0009692382882349193
67977,0,5.596563102757536,195.58184814453125,-90.38697052001953,0.0009537124424241483
67978,0,5.596203110461782,195.5840606689453,-90.30724334716797,0.0009484481415711343
67979,0,5.596396742135654,195.58621215820312,-90.22319030761719,0.0009517669677734375
67980,0,5.597351096057756,195.5884552001953,-90.13521575927734,0.0009619140182621777
67981,0,5.599163213188874,195.5907440185547,-90.04367065429688,0.0009776306105777621
67982,0,5.601965377312516,195.59312438964844,-89.9488754272461,0.0009974288986995816
67983,0,5.605792562854271,195.5955810546875,-89.85108947753906,0.0010200118413195014
67984,0,5.610708681554316,195.59808349609375,-89.7505874633789,0.0010445022489875555
67985,0,5.616750627860418,195.6006622314453,-89.64754486083984,0.001069946214556694
67986,0,5.623950540114521,195.60330200195312,-89.54216766357422,0.0010958098573610187
67987,0,5.632283399546873,195.60598754882812,-89.43457794189453,0.0011212157551199198
67988,0,5.641740798569354,195.6087188720703,-89.32492065429688,0.0011459350353106856
67989,0,5.652332006121257,195.6115264892578,-89.21329498291016,0.0011697387089952826
67990,0,5.664044841684159,195.61436462402344,-89.09979248046875,0.0011922453995794058
67991,0,5.676867120186854,195.61732482910156,-88.9844970703125,0.0012133788550272584
67992,0,5.6907231957546855,195.6202850341797,-88.86747741699219,0.0012331389589235187
67993,0,5.705606725310865,195.623291015625,-88.74878692626953,0.0012513732071965933
67994,0,5.721433239095472,195.62632751464844,-88.62847137451172,0.0012680815998464823
67995,0,5.738217464572387,195.62945556640625,-88.50657653808594,0.0012835311936214566
67996,0,5.755917481271736,195.63259887695312,-88.3831558227539,0.0012976074358448386
67997,0,5.774486377514716,195.6358184814453,-88.2582015991211,0.0013103485107421875
67998,0,5.7938997545196536,195.63905334472656,-88.13177490234375,0.0015785216819494963
67999,0,5.814105648072221,195.642333984375,-88.00387573242188,0.0017381286015734076
68000,0,5.8350898511949305,195.6456756591797,-87.87454223632812,0.0018271636217832565
68001,0,5.856819035183204,195.64907836914062,-87.7437744140625,0.0018711852608248591
68002,0,5.879274463571179,195.65249633789062,-87.61160278320312,0.001886825542896986
68003,0,5.90243734838629,195.65597534179688,-87.47802734375,0.0018851852510124445
68004,0,5.926265626079931,195.65948486328125,-87.34307098388672,0.001874046283774078
68005,0,5.950738222759637,195.6630401611328,-87.20674896240234,0.0018578720046207309
68006,0,5.9758254471993615,195.66664123535156,-87.06905364990234,0.0018395613878965378
68007,0,6.001531334560622,195.6702880859375,-86.93000030517578,0.0018210600828751922
68008,0,6.02784695275885,195.67396545410156,-86.78961944580078,0.0018033599480986595
68009,0,6.054727377306311,195.6776885986328,-86.64788055419922,0.0017871856689453125
68010,0,6.0821861436802545,195.68145751953125,-86.50481414794922,0.0017725753132253885
68011,0,6.110191918464071,195.6852569580078,-86.36042785644531,0.0017597198020666838
68012,0,6.138725771385163,195.68910217285156,-86.21471405029297,0.0017485427670180798
68013,0,6.167738600213399,195.69296264648438,-86.06768035888672,0.001738967839628458
68014,0,6.197246902880245,195.69688415527344,-85.91934204101562,0.0017308807000517845
68015,0,6.227245534147314,195.7008514404297,-85.76971435546875,0.0017240523593500257
68016,0,6.257708292645803,195.704833984375,-85.61876678466797,0.0017182158771902323
68017,0,6.288679339846479,195.70887756347656,-85.4665298461914,0.0017134094377979636
68018,0,6.320136762396326,195.7129669189453,-85.31300354003906,0.0017094421200454235
68019,0,6.352068162790978,195.7170867919922,-85.15818786621094,0.001706199604086578
68020,0,6.384437400530467,195.72125244140625,-85.00209045410156,0.0017034148331731558
68021,0,6.41721648452582,195.7254638671875,-84.84471130371094,0.00170135498046875
68022,0,6.450444147564695,195.72970581054688,-84.68607330322266,0.0016996001359075308
68023,0,6.484100010142084,195.73397827148438,-84.52616882324219,0.0016983413370326161
68024,0,6.5181482379039615,195.73828125,-84.36500549316406,0.0016973114106804132
68025,0,6.55263362914794,195.74261474609375,-84.20260620117188,0.0016964721726253629
68026,0,6.587544501270677,195.74700927734375,-84.03895568847656,0.0016961288638412952
68027,0,6.621568735539462,195.7514190673828,-83.87406158447266,0.0016958618070930243
68028,0,6.654526048284341,195.75587463378906,-83.70793914794922,0.0016955947503447533
68029,0,6.686440267474738,195.76039123535156,-83.54058074951172,0.00169567100238055
68030,0,6.717293790038126,195.76492309570312,-83.37201690673828,0.001695823622867465
68031,0,6.747055657957264,195.76950073242188,-83.2022476196289,0.001696090679615736
68032,0,6.775763246698961,195.7740936279297,-83.03126525878906,0.0016964339883998036
68033,0,6.803411741798977,195.7787322998047,-82.85910034179688,0.0016967772971838713
68034,0,6.830005801554095,195.78341674804688,-82.68573760986328,0.0016972350422292948
68035,0,6.855510590848398,195.78811645507812,-82.51119232177734,0.0016977691557258368
68036,0,6.8799165887645675,195.7928924560547,-82.33546447753906,0.0016982269007712603
68037,0,6.903217447257779,195.79766845703125,-82.15858459472656,0.0016990279546007514
68038,0,6.925458219509518,195.80252075195312,-81.98052215576172,0.0016995620680972934
68039,0,6.9466550319628535,195.807373046875,-81.80132293701172,0.001700172433629632
68040,0,6.966791682863253,195.81228637695312,-81.6209716796875,0.001700820866972208
68041,0,6.985850876926362,195.81719970703125,-81.4394760131836,0.0017015074845403433
68042,0,7.003838948287539,195.8221893310547,-81.2568359375,0.001702117850072682
68043,0,7.0207658120372525,195.82717895507812,-81.07308197021484,0.0017029190203174949
68044,0,7.036639979365714,195.83224487304688,-80.88819885253906,0.0017034912016242743
68045,0,7.0514717024188345,195.8373260498047,-80.70220184326172,0.0017042160034179688
68046,0,7.065261126325734,195.84243774414062,-80.51509094238281,0.0017050170572474599
68047,0,7.078670077683921,195.8475799560547,-80.3268814086914,0.0017057418590411544
68048,0,7.093623265374734,195.85276794433594,-80.1375732421875,0.0017065429128706455
68049,0,7.10996701291824,195.8579864501953,-79.94717407226562,0.0017072295304387808
68050,0,7.127622031836486,195.8632354736328,-79.75569915771484,0.0017079543322324753
68051,0,7.1464750202022405,195.86851501464844,-79.56314849853516,0.0017086791340261698
68052,0,7.166476308415757,195.8738250732422,-79.36952209472656,0.0017093276837840676
68053,0,7.187577465379162,195.87918090820312,-79.1748275756836,0.0017100524855777621
68054,0,7.2096444752827455,195.88455200195312,-78.97907257080078,0.0017108535394072533
68055,0,7.232563389862921,195.88995361328125,-78.78227233886719,0.0017115401569753885
68056,0,7.256194118984951,195.8953857421875,-78.58441925048828,0.0017122267745435238
68057,0,7.280389075113221,195.9008331298828,-78.38552856445312,0.0017130279447883368
68058,0,7.305007517071707,195.9063262939453,-78.18560028076172,0.0017136383103206754
68059,0,7.329908699264544,195.91183471679688,-77.98464965820312,0.0017143249278888106
68060,0,7.354910899028176,195.91737365722656,-77.78267669677734,0.0017150877974927425
68061,0,7.379825733970248,195.92294311523438,-77.5796890258789,0.001715812599286437
68062,0,7.404420102191463,195.92852783203125,-77.37569427490234,0.0017165374010801315
68063,0,7.428524504859667,195.9341583251953,-77.17069244384766,0.0017172241350635886
68064,0,7.45197521502343,195.9397735595703,-76.96469116210938,0.001717796316370368
68065,0,7.47467048884666,195.94544982910156,-76.7576904296875,0.0017185211181640625
68066,0,7.496479397758772,195.95114135742188,-76.54971313476562,0.0017192839877679944
68067,0,7.5172922935548225,195.95684814453125,-76.34075164794922,0.0017198181012645364
68068,0,7.537012114303615,195.96255493164062,-76.13082122802734,0.0017206191550940275
68069,0,7.555508220431361,195.96832275390625,-75.91990661621094,0.0017212677048519254
68070,0,7.572703750494358,195.97406005859375,-75.70803833007812,0.0017219161381945014
68071,0,7.588578507251535,195.9798583984375,-75.4952163696289,0.0017226027557626367
68072,0,7.60301508397446,195.9856414794922,-75.28142547607422,0.0017230986850336194
68073,0,7.616053452793757,195.99143981933594,-75.06670379638672,0.0017238616710528731
68074,0,7.627727423883088,195.99728393554688,-74.85103607177734,0.0017244720365852118
68075,0,7.638056120091358,196.0030975341797,-74.63442993164062,0.001725158654153347
68076,0,7.64707972275417,196.00894165039062,-74.41688537597656,0.0017258452717214823
68077,0,7.654948294224707,196.01478576660156,-74.19843292236328,0.0017264938214793801
68078,0,7.661661085977297,196.02066040039062,-73.97904968261719,0.0017270660027861595
68079,0,7.667327196623524,196.0265350341797,-73.75875091552734,0.0017276763683184981
68080,0,7.671980207564058,196.0324249267578,-73.53755187988281,0.0017282485496252775
68081,0,7.67567488571726,196.03829956054688,-73.31544494628906,0.0017289351671934128
68082,0,7.678438902187273,196.044189453125,-73.09243774414062,0.0017295455327257514
68083,0,7.680278548021682,196.05007934570312,-72.8685302734375,0.0017301940824836493
68084,0,7.681235502116344,196.0559539794922,-72.64374542236328,0.0017308044480159879
68085,0,7.681338492710314,196.0618438720703,-72.4180679321289,0.0017314148135483265
68086,0,7.6805816769603235,196.06773376464844,-72.19152069091797,0.0017320250626653433
68087,0,7.678890792869332,196.07362365722656,-71.96409606933594,0.0017325591761618853
68088,0,7.676246569937408,196.0795135498047,-71.73580169677734,0.0017331695416942239
68089,0,7.6725949932141475,196.0854034423828,-71.50664520263672,0.0017337417230010033
68090,0,7.667957519761134,196.09130859375,-71.2766342163086,0.0017343139043077826
68091,0,7.662341443813862,196.09719848632812,-71.04576873779297,0.0017349624540656805
68092,0,7.655823466598108,196.1031036376953,-70.81404876708984,0.0017354583833366632
68093,0,7.648406772371682,196.10894775390625,-70.58148956298828,0.0017360305646434426
68094,0,7.640196585297652,196.11480712890625,-70.34809112548828,0.001736602745950222
68095,0,7.631217266560403,196.1206817626953,-70.11386108398438,0.0017372131114825606
68096,0,7.621486251927845,196.1265411376953,-69.8788070678711,0.0017377090407535434
68097,0,7.611032611655424,196.13235473632812,-69.6429214477539,0.0017383956583216786
68098,0,7.599870653280454,196.13818359375,-69.40621185302734,0.0017388915875926614
68099,0,7.588052801865279,196.1439971923828,-69.168701171875,0.0017394637688994408
68100,0,7.575577169222264,196.14979553222656,-68.93037414550781,0.0017399596981704235
68101,0,7.562443603401375,196.15557861328125,-68.69124603271484,0.0017405700637027621
68102,0,7.548666904463821,196.16134643554688,-68.45130920410156,0.0017412566812708974
68103,0,7.5342561363351255,196.16709899902344,-68.21057891845703,0.0017417906783521175
68104,0,7.519299326506546,196.17282104492188,-67.96906280517578,0.0017422103555873036
68105,0,7.5037900049217,196.1785430908203,-67.72676086425781,0.001742782536894083
68106,0,7.48777298678062,196.18423461914062,-67.48367309570312,0.0017432402819395065
68107,0,7.471193023253196,196.18991088867188,-67.23981475830078,0.0017437743954360485
68108,0,7.453801297706619,196.19558715820312,-66.99517059326172,0.001744346576742828
68109,0,7.435643090808274,196.20120239257812,-66.74977111816406,0.0017448806902393699
68110,0,7.416746227948582,196.20681762695312,-66.50360870361328,0.00174541468732059
68111,0,7.397074700048645,196.21241760253906,-66.25667572021484,0.0017458724323660135
68112,0,7.376684741257752,196.21798706054688,-66.00899505615234,0.0017465209821239114
68113,0,7.355577481748596,196.22352600097656,-65.76055908203125,0.001746864290907979
68114,0,7.3337687953683,196.22906494140625,-65.51138305664062,0.001747512724250555
68115,0,7.311237178801839,196.23452758789062,-65.26146697998047,0.0017479324014857411
68116,0,7.288022649133735,196.23997497558594,-65.01079559326172,0.0017484283307567239
68117,0,7.264208381234095,196.24542236328125,-64.75940704345703,0.001748962327837944
68118,0,7.239762083909264,196.25083923339844,-64.50728607177734,0.0017493820050731301
68119,0,7.2140694154807345,196.25621032714844,-64.25442504882812,0.0017499160021543503
68120,0,7.186833049530628,196.2615509033203,-64.0008544921875,0.001750411931425333
68121,0,7.158865844591006,196.2668914794922,-63.74656677246094,0.0017508696764707565
68122,0,7.130243978658568,196.27218627929688,-63.4915657043457,0.0017513656057417393
68123,0,7.100994313292389,196.27743530273438,-63.2358512878418,0.001751861535012722
68124,0,7.071135286278822,196.2826690673828,-62.97943878173828,0.0017523192800581455
68125,0,7.040702556454562,196.28787231445312,-62.72232437133789,0.0017528152093291283
68126,0,7.009663087157235,196.29306030273438,-62.46451187133789,0.0017532729543745518
68127,0,6.978028607194212,196.29820251464844,-62.20600891113281,0.0017537306994199753
68128,0,6.946609246742792,196.3032989501953,-61.946815490722656,0.0017541884444653988
68129,0,6.915555596374945,196.30838012695312,-61.68693542480469,0.0017546843737363815
68130,0,6.884776060768743,196.31341552734375,-61.4263801574707,0.0017551040509715676
68131,0,6.85421759515893,196.31842041015625,-61.16514587402344,0.0017557144165039062
68132,0,6.823786185893586,196.32339477539062,-60.903236389160156,0.0017560577252879739
68133,0,6.793370490522155,196.32833862304688,-60.640663146972656,0.0017566299065947533
68134,0,6.76285377283343,196.33323669433594,-60.37742233276367,0.0017570113996043801
68135,0,6.732110884562821,196.33810424804688,-60.1135139465332,0.0017575073288753629
68136,0,6.701073711324194,196.3429412841797,-59.84895706176758,0.001757888705469668
68137,0,6.669663539352571,196.34774780273438,-59.583744049072266,0.001758308382704854
68138,0,6.6377851168706625,196.35250854492188,-59.31787872314453,0.0017588043119758368
68139,0,6.605477668646358,196.3572540283203,-59.05137634277344,0.0017591094365343451
68140,0,6.572676751615704,196.36196899414062,-58.78422164916992,0.0017596435500308871
68141,0,6.539341344175017,196.36663818359375,-58.51642990112305,0.0017600631108507514
68142,0,6.505453614457753,196.3712615966797,-58.24800491333008,0.0017604446038603783
68143,0,6.471016528727435,196.3758544921875,-57.97895050048828,0.001760940533131361
68144,0,6.4360181634368265,196.38043212890625,-57.70926284790039,0.0017613600939512253
68145,0,6.400435764248596,196.3849639892578,-57.4389533996582,0.0017617797711864114
68146,0,6.364229928464516,196.3894500732422,-57.168025970458984,0.0017621612641960382
68147,0,6.32739451799039,196.3939208984375,-56.89647674560547,0.0017624663887545466
68148,0,6.289897898342981,196.3983612060547,-56.624324798583984,0.0017629241337999701
68149,0,6.251688345799788,196.4027557373047,-56.35155487060547,0.001763305626809597
68150,0,6.21281940182752,196.4071044921875,-56.078182220458984,0.0017637633718550205
68151,0,6.1732858049778345,196.41143798828125,-55.804203033447266,0.0017641448648646474
68152,0,6.132974030437122,196.4157257080078,-55.529632568359375,0.0017646407941356301
68153,0,6.091708265727629,196.4199981689453,-55.25445556640625,0.001765022287145257
68154,0,6.049675453204618,196.4242401123047,-54.97869110107422,0.0017654418479651213
68155,0,6.006899621105232,196.4284210205078,-54.70233917236328,0.0017658233409747481
68156,0,5.963461026542918,196.43258666992188,-54.42539596557617,0.001766204833984375
68157,0,5.919414020414486,196.43673706054688,-54.14787292480469,0.00176658621057868
68158,0,5.874803980646529,196.44081115722656,-53.869773864746094,0.0017669296357780695
68159,0,5.829707116989116,196.4449005126953,-53.591102600097656,0.0017673491965979338
68160,0,5.784172345650064,196.44894409179688,-53.31185531616211,0.0017677306896075606
68161,0,5.738227136146106,196.45294189453125,-53.03203582763672,0.0017681121826171875
68162,0,5.691956981896754,196.45692443847656,-52.75164794921875,0.0017686081118881702
68163,0,5.6453598202787285,196.4608612060547,-52.47071075439453,0.0017689132364466786
68164,0,5.5984238174346626,196.4647674560547,-52.189208984375,0.0017692565452307463
68165,0,5.5511631316848575,196.46864318847656,-51.90714645385742,0.0017696380382403731
68166,0,5.503613434251778,196.4724884033203,-51.624534606933594,0.0017699431627988815
68167,0,5.455789083486094,196.47634887695312,-51.34136962890625,0.0017703628400340676
68168,0,5.40769428884727,196.48013305664062,-51.05766677856445,0.0017707061488181353
68169,0,5.359352231277193,196.48390197753906,-50.77341079711914,0.0017710876418277621
68170,0,5.310760005824475,196.4876251220703,-50.488616943359375,0.0017714690184220672
68171,0,5.261971483392926,196.49136352539062,-50.20328903198242,0.001771850511431694
68172,0,5.213005366383156,196.4950408935547,-49.91743087768555,0.001772232004441321
68173,0,5.163925215709432,196.4987030029297,-49.631038665771484,0.0017725753132253885
68174,0,5.114754187175064,196.50233459472656,-49.344120025634766,0.0017728041857481003
68175,0,5.06559276009134,196.5059356689453,-49.05667495727539,0.0017732238629832864
68176,0,5.016528581059732,196.50950622558594,-48.76870346069336,0.0017736434238031507
68177,0,4.967617387763883,196.5130615234375,-48.480224609375,0.0017740249168127775
68178,0,4.918936058637425,196.5166015625,-48.191219329833984,0.0017743682255968451
68179,0,4.870563306382438,196.52011108398438,-47.90170669555664,0.001774597098119557
68180,0,4.822569590713332,196.52359008789062,-47.61167907714844,0.0017749404069036245
68181,0,4.774929571342855,196.5270538330078,-47.32114791870117,0.0017753982683643699
68182,0,4.7277356737672065,196.5304718017578,-47.03010940551758,0.001775665208697319
68183,0,4.681004370832785,196.5338897705078,-46.73857879638672,0.0017760085174813867
68184,0,4.634743959064715,196.5372772216797,-46.44654083251953,0.0017762755742296576
68185,0,4.588953111637325,196.54063415527344,-46.15400695800781,0.0017766188830137253
68186,0,4.543566511108476,196.54397583007812,-45.860984802246094,0.0017770385602489114
68187,0,4.498614759901633,196.54730224609375,-45.567474365234375,0.0017774200532585382
68188,0,4.454094525486191,196.5506134033203,-45.273475646972656,0.0017776107415556908
68189,0,4.410095323211533,196.5538787841797,-44.9789924621582,0.0017779540503397584
68190,0,4.366696963416184,196.55715942382812,-44.68402862548828,0.0017782592913135886
68191,0,4.323960704387029,196.5603790283203,-44.38858413696289,0.0017786406679078937
68192,0,4.282067144188183,196.56362915039062,-44.09266662597656,0.0017789077246561646
68193,0,4.2410381238720545,196.5668182373047,-43.796268463134766,0.0017792510334402323
68194,0,4.199953580081618,196.56871032714844,-43.499473571777344,0.001780281076207757
68195,0,4.159872257101665,196.5703887939453,-43.20221710205078,0.0017808532575145364
68196,0,4.120179057028035,196.57118225097656,-42.90446853637695,0.0017809676937758923
68197,0,4.080682463738414,196.5708770751953,-42.606204986572266,0.0017806243849918246
68198,0,4.041392063806563,196.5695343017578,-42.307395935058594,0.0017800902714952826
68199,0,4.002850341109548,196.5677032470703,-42.00800704956055,0.0017789077246561646
68200,0,3.9651884655579623,196.56544494628906,-41.708011627197266,0.0017773056169971824
68201,0,3.9283188686255475,196.56265258789062,-41.40740203857422,0.0017758940812200308
68202,0,3.8923734107695456,196.55938720703125,-41.106163024902344,0.001774482661858201
68203,0,3.8574108392574185,196.5556640625,-40.804290771484375,0.0017729568062350154
68204,0,3.8235220502251592,196.55148315429688,-40.50178527832031,0.0017714690184220672
68205,0,3.791124384279581,196.54725646972656,-40.19862365722656,0.0017701339675113559
68206,0,3.760500936242226,196.54302978515625,-39.89480972290039,0.001768836984410882
68207,0,3.731539209944713,196.53872680664062,-39.59033203125,0.0017674636328592896
68208,0,3.7044087149645164,196.53439331054688,-39.28519058227539,0.0017664717743173242
68209,0,3.6790833351747367,196.53001403808594,-38.9793815612793,0.0017653274117037654
68210,0,3.655694539135928,196.525634765625,-38.67290115356445,0.0017644119216129184
68211,0,3.6343996571213033,196.5212860107422,-38.36574935913086,0.001763420063070953
68212,0,3.6154419605921433,196.51722717285156,-38.05792236328125,0.0017626570770516992
68213,0,3.5988416578892304,196.51341247558594,-37.749427795410156,0.001761970459483564
68214,0,3.5846719571134806,196.50987243652344,-37.44025802612305,0.0017613600939512253
68215,0,3.5729146919933092,196.506591796875,-37.13041305541992,0.0017608260968700051
68216,0,3.5636026023607026,196.50357055664062,-36.81990051269531,0.0017603683518245816
68217,0,3.556724885349194,196.50079345703125,-36.50870895385742,0.0017599104903638363
68218,0,3.552464070860887,196.49839782714844,-36.19684982299805,0.0017596435500308871
68219,0,3.5508779162605935,196.4963836669922,-35.88432312011719,0.0017593002412468195
68220,0,3.55203839538903,196.49476623535156,-35.57113265991211,0.0017591094365343451
68221,0,3.556417871653614,196.4934539794922,-35.25727844238281,0.0017589187482371926
68222,0,3.564407845872869,196.49246215820312,-34.94275665283203,0.0017587661277502775
68223,0,3.576453300897894,196.49179077148438,-34.62757873535156,0.0017587279435247183
68224,0,3.592949438396673,196.49142456054688,-34.31174087524414,0.0017587279435247183
68225,0,3.6143842156877843,196.49142456054688,-33.9952507019043,0.0017587279435247183
68226,0,3.641236801437112,196.4917755126953,-33.67810821533203,0.0017586898757144809
68227,0,3.6738229057462473,196.49241638183594,-33.36031723022461,0.0017587661277502775
68228,0,3.712483842368559,196.49337768554688,-33.04187774658203,0.0017588805640116334
68229,0,3.7570046235786942,196.4945831298828,-32.72279357910156,0.0017589950002729893
68230,0,3.808199614634984,196.49606323242188,-32.403072357177734,0.0017590713687241077
68231,0,3.8643802715333284,196.49560546875,-32.08292007446289,0.0017610931536182761
68232,0,3.92397772966499,196.49142456054688,-31.76272964477539,0.0017664717743173242
68233,0,3.985523828453263,196.4823760986328,-31.44296646118164,0.001775779644958675
68234,0,4.0481963875183355,196.46804809570312,-31.123823165893555,0.0017861175583675504
68235,0,4.111745714352327,196.44851684570312,-30.80514907836914,0.0017942046979442239
68236,0,4.175793932025198,196.4239044189453,-30.486806869506836,0.0017988967010751367
68237,0,4.240672733432553,196.3943328857422,-30.16868019104004,0.0018005751771852374
68238,0,4.306517728435464,196.35989379882812,-29.850698471069336,0.0018000792479142547
68239,0,4.373658228442488,196.32080078125,-29.532798767089844,0.0017982864519581199
68240,0,4.442254524094832,196.2771759033203,-29.21495819091797,0.0017955779330804944
68241,0,4.512930617676069,196.22921752929688,-28.89714813232422,0.00179290771484375
68242,0,4.586681842792621,196.17710876464844,-28.579368591308594,0.0017898178193718195
68243,0,4.663479867975315,196.12110900878906,-28.26161003112793,0.001787109300494194
68244,0,4.743275452349773,196.06141662597656,-27.943870544433594,0.0017847060225903988
68245,0,4.826080720288531,195.99826049804688,-27.62613296508789,0.001782226492650807
68246,0,4.911828558209161,195.93191528320312,-27.30837631225586,0.0017805480165407062
68247,0,5.000493257457065,195.8626251220703,-26.990585327148438,0.0017786026000976562
68248,0,5.092439953278837,195.79066467285156,-26.672733306884766,0.001776847755536437
68249,0,5.188146961923193,195.71620178222656,-26.35479164123535,0.0017755127046257257
68250,0,5.288153046251933,195.63954162597656,-26.03671646118164,0.001774330041371286
68251,0,5.393001779516041,195.5608673095703,-25.718475341796875,0.0017730712424963713
68252,0,5.503465113632212,195.48040771484375,-25.40003204345703,0.0017722701886668801
68253,0,5.62031619849463,195.39833068847656,-25.08135223388672,0.0017714309506118298
68254,0,5.743989718771661,195.31483459472656,-24.762392044067383,0.0017705535283312201
68255,0,5.87460826090122,195.23008728027344,-24.443126678466797,0.0017701339675113559
68256,0,6.012219188191946,195.1442108154297,-24.12352180480957,0.0017695617862045765
68257,0,6.157009946105389,195.05735778808594,-23.803552627563477,0.0017690276727080345
68258,0,6.309112652536263,194.96961975097656,-23.483190536499023,0.0017686461796984076
68259,0,6.468657426781218,194.88113403320312,-23.16242218017578,0.0017683791229501367
68260,0,6.635575602910276,194.7919464111328,-22.841222763061523,0.0017680739983916283
68261,0,6.809647786274814,194.7021484375,-22.519582748413086,0.0017679213779047132
68262,0,6.990141431685345,194.61181640625,-22.197528839111328,0.00176830287091434
68263,0,7.176402632514769,194.52105712890625,-21.875133514404297,0.001769332797266543
68264,0,7.368517216165679,194.42990112304688,-21.552526473999023,0.0017720413161441684
68265,0,7.566257472147251,194.33848571777344,-21.229867935180664,0.0017766570672392845
68266,0,7.769401769378546,194.24905395507812,-20.906940460205078,0.0017848204588517547
68267,0,7.976974776556092,194.162353515625,-20.58382225036621,0.0017954254290089011
68268,0,8.187792783583918,194.07826232910156,-20.26070213317871,0.0018077850108966231
68269,0,8.40121116036165,193.99671936035156,-19.93769073486328,0.0018202972132712603
68270,0,8.61669821924328,193.91778564453125,-19.61482810974121,0.0018323897384107113
68271,0,8.833780347489574,193.84146118164062,-19.2921085357666,0.0018432235810905695
68272,0,9.05213884362011,193.76890563964844,-18.969417572021484,0.0018542861798778176
68273,0,9.271399696259515,193.7005157470703,-18.646650314331055,0.0018635940505191684
68274,0,9.491270908080352,193.6361083984375,-18.32369041442871,0.0018700027139857411
68275,0,9.711479437440156,193.57554626464844,-18.000442504882812,0.0018733596662059426
68276,0,9.931803483042488,193.51876831054688,-17.67682647705078,0.0018743895925581455
68277,0,10.152049538613529,193.46571350097656,-17.352785110473633,0.0018733596662059426
68278,0,10.372034303776546,193.41705322265625,-17.028318405151367,0.0018725204281508923
68279,0,10.591601317060329,193.3726348876953,-16.70339012145996,0.0018709182040765882
68280,0,10.81062996726229,193.332275390625,-16.377967834472656,0.0018676756881177425
68281,0,11.028996868076263,193.29583740234375,-16.052032470703125,0.001863670302554965
68282,0,11.246608496081713,193.2631378173828,-15.72557544708252,0.0018591308034956455
68283,0,11.463372519918538,193.23410034179688,-15.398592948913574,0.001854438683949411
68284,0,11.679190986610372,193.208740234375,-15.07110595703125,0.0018497848650440574
68285,0,11.893998643866011,193.1868896484375,-14.74311351776123,0.0018452453659847379
68286,0,12.107743214454768,193.16835021972656,-14.414620399475098,0.0018404388101771474
68287,0,12.320374451094487,193.15292358398438,-14.085627555847168,0.001835784874856472
68288,0,12.531851025239947,193.14044189453125,-13.756143569946289,0.0018312453757971525
68289,0,12.74213937292079,193.1307373046875,-13.426175117492676,0.0018267440609633923
68290,0,12.951220667573743,193.12355041503906,-13.095717430114746,0.0018225096864625812
68291,0,13.159074159860815,193.11865234375,-12.764772415161133,0.0018183516804128885
68292,0,13.365681928440077,193.1159210205078,-12.433344841003418,0.0018145369831472635
68293,0,13.571026349296844,193.1151580810547,-12.101433753967285,0.0018107222858816385
68294,0,13.77510567170275,193.1162109375,-11.769041061401367,0.0018074035178869963
68295,0,13.977911426526495,193.11892700195312,-11.436169624328613,0.0018042754381895065
68296,0,14.179450218868926,193.1229705810547,-11.102802276611328,0.0018011474749073386
68297,0,14.379710659529957,193.12815856933594,-10.76894760131836,0.0017983627039939165
68298,0,14.578645823224937,193.13441467285156,-10.434653282165527,0.0017963409190997481
68299,0,14.776152833788439,193.14157104492188,-10.100011825561523,0.0017954254290089011
68300,0,14.972103827741295,193.1496124267578,-9.76515007019043,0.0017959594260901213
68301,0,15.166344323623482,193.1583709716797,-9.43022346496582,0.0017984008882194757
68302,0,15.358703447743618,193.16757202148438,-9.095401763916016,0.001802902203053236
68303,0,15.54900618684247,193.1771240234375,-8.760856628417969,0.001809349050745368
68304,0,15.737094669881195,193.18701171875,-8.426748275756836,0.0018172073177993298
68305,0,15.922844211748002,193.19712829589844,-8.093201637268066,0.0018265151884406805
68306,0,16.106179333693692,193.2074432373047,-7.76029634475708,0.0018361663678660989
68307,0,16.28705700336264,193.21788024902344,-7.428065776824951,0.001845779363065958
68308,0,16.467298051565194,193.22845458984375,-7.096484184265137,0.001854438683949411
68309,0,16.647027213241355,193.2389678955078,-6.765470027923584,0.0018613814609125257
68310,0,16.82636596614826,193.24945068359375,-6.434904098510742,0.0018662642687559128
68311,0,17.005423447136884,193.2598419189453,-6.104671478271484,0.00186920166015625
68312,0,17.184300025717828,193.2701873779297,-5.77467155456543,0.0018699264619499445
68313,0,17.36308567433614,193.28042602539062,-5.444812297821045,0.0018690872238948941
68314,0,17.54186433341464,193.2906036376953,-5.115013122558594,0.0018670654390007257
68315,0,17.720709348101423,193.3006134033203,-4.7852020263671875,0.0018640517955645919
68316,0,17.899677671193547,193.31051635742188,-4.455316543579102,0.0018603515345603228
68317,0,18.078828996360794,193.32028198242188,-4.125302791595459,0.001856040908023715
68318,0,18.258206968085712,193.3299102783203,-3.7951109409332275,0.0018516158452257514
68319,0,18.437858626092584,193.33941650390625,-3.4646992683410645,0.001846809289418161
68320,0,18.617820791761304,193.3488006591797,-3.1340301036834717,0.0018420409178361297
68321,0,18.798123387980098,193.35804748535156,-2.803069591522217,0.0018373107304796576
68322,0,18.978799708719503,193.3671417236328,-2.471788167953491,0.0018325423588976264
68323,0,19.159874763475187,193.37608337402344,-2.140160322189331,0.0018281172960996628
68324,0,19.341375806049975,193.38491821289062,-1.8081631660461426,0.0018238830380141735
68325,0,19.52331676526751,193.3936309814453,-1.4757769107818604,0.0018196868477389216
68326,0,19.705718845516984,193.40223693847656,-1.1429840326309204,0.0018157577142119408
68327,0,19.888594466095675,193.41065979003906,-0.8097695708274841,0.0018120956374332309
68328,0,20.071387315895215,193.41891479492188,-0.47613638639450073,0.0018088531214743853
68329,0,20.25243303824204,193.4270477294922,-0.14212249219417572,0.001806182786822319
68330,0,20.431905045581004,193.4350128173828,0.19219817221164703,0.0018048095516860485
68331,0,20.6097947116382,193.4428253173828,0.5267198085784912,0.00180473318323493
68332,0,20.786042808906487,193.4505157470703,0.8613121509552002,0.001806182786822319
68333,0,20.960572941564656,193.45794677734375,1.1958321332931519,0.0018095779232680798
68334,0,21.133288138019836,193.46514892578125,1.530134677886963,0.0018144989153370261
68335,0,21.30410423105742,193.47216796875,1.8640893697738647,0.0018210220150649548
68336,0,21.47295185785172,193.4789581298828,2.1975913047790527,0.0018283843528479338
68337,0,21.6397952347629,193.48558044433594,2.5305726528167725,0.0018364334246143699
68338,0,21.80463357876214,193.4918975830078,2.8630099296569824,0.0018441008869558573
68339,0,21.967509735481713,193.4979248046875,3.1949243545532227,0.0018511962844058871
68340,0,22.128512217515976,193.50369262695312,3.5263853073120117,0.0018566894577816129
68341,0,22.287763386887537,193.5092010498047,3.857499599456787,0.0018606566591188312
68342,0,22.445379259394556,193.51446533203125,4.188370227813721,0.001862487755715847
68343,0,22.601462424664746,193.51954650878906,4.519087791442871,0.0018627928802743554
68344,0,22.75610404920692,193.5242919921875,4.849734306335449,0.0018619155744090676
68345,0,22.909381928285455,193.52870178222656,5.180379390716553,0.0018596649169921875
68346,0,23.061366958197272,193.53282165527344,5.511087417602539,0.0018567657098174095
68347,0,23.21212252296486,193.5366973876953,5.841914653778076,0.001853141700848937
68348,0,23.361699359209577,193.54031372070312,6.172908306121826,0.0018492507515475154
68349,0,23.510147234431894,193.5436553955078,6.504112243652344,0.0018448256887495518
68350,0,23.65750358092581,193.5466766357422,6.835564613342285,0.0018404769944027066
68351,0,23.803808526037614,193.54934692382812,7.167297840118408,0.0018361281836405396
68352,0,23.949091999008047,193.5517120361328,7.49934196472168,0.0018317794892936945
68353,0,24.093385250926957,193.5537872314453,7.831724643707275,0.0018275069305673242
68354,0,24.236712817904927,193.5555877685547,8.164467811584473,0.0018234633607789874
68355,0,24.37909354874711,193.55712890625,8.497591018676758,0.0018193817231804132
68356,0,24.520540980171308,193.5583038330078,8.831106185913086,0.0018156814621761441
68357,0,24.661035609682337,193.55911254882812,9.164990425109863,0.0018125915667042136
68358,0,24.800525742444314,193.5596466064453,9.499192237854004,0.0018103027250617743
68359,0,24.938926602785294,193.5598602294922,9.833624839782715,0.0018093108665198088
68360,0,25.076125639999717,193.55978393554688,10.16817569732666,0.0018096159910783172
68361,0,25.21199768163973,193.55943298339844,10.502717018127441,0.001811714144423604
68362,0,25.346402242841044,193.55874633789062,10.837109565734863,0.0018154525896534324
68363,0,25.479211152160676,193.5577850341797,11.171223640441895,0.0018207549583166838
68364,0,25.61032102162235,193.55653381347656,11.50495433807373,0.0018270111177116632
68365,0,25.739650792693148,193.55503845214844,11.83821964263916,0.0018341445829719305
68366,0,25.86716065910163,193.5532989501953,12.170979499816895,0.001841316232457757
68367,0,25.992848653162913,193.55133056640625,12.503232955932617,0.0018480682047083974
68368,0,26.116764548733986,193.54913330078125,12.835025787353516,0.0018539046868681908
68369,0,26.23899045534208,193.5467071533203,13.166443824768066,0.0018580626929178834
68370,0,26.359634679556063,193.5441131591797,13.497590065002441,0.0018606566591188312
68371,0,26.47878677878156,193.54132080078125,13.828558921813965,0.0018615340813994408
68372,0,26.59653592606751,193.5383758544922,14.159433364868164,0.0018608474638313055
68373,0,26.712952429996488,193.53526306152344,14.490287780761719,0.0018592070555314422
68374,0,26.82810345569774,193.53201293945312,14.821187019348145,0.0018563842168077826
68375,0,26.942044974483764,193.52862548828125,15.15218734741211,0.0018531036330386996
68376,0,27.054831381811997,193.52511596679688,15.4833402633667,0.0018492507515475154
68377,0,27.166505175146085,193.52149963378906,15.814690589904785,0.0018452453659847379
68378,0,27.277109966427897,193.51779174804688,16.146278381347656,0.0018408583709970117
68379,0,27.386674529269612,193.5139923095703,16.47813606262207,0.0018365478608757257
68380,0,27.495233345995985,193.5101318359375,16.81029510498047,0.0018322753021493554
68381,0,27.602820581141703,193.50621032714844,17.142784118652344,0.0018280410440638661
68382,0,27.709485970340342,193.50222778320312,17.475624084472656,0.0018239592900499701
68383,0,27.81526801827496,193.49818420410156,17.808839797973633,0.00181999197229743
68384,0,27.92017819791823,193.4940948486328,18.14242935180664,0.0018164062639698386
68385,0,28.024223630583858,193.48997497558594,18.476362228393555,0.0018133544363081455
68386,0,28.127384153750615,193.48583984375,18.81058120727539,0.0018113708356395364
68387,0,28.229598612479315,193.48167419433594,19.144989013671875,0.0018107604701071978
68388,0,28.33080377439915,193.4774932861328,19.479476928710938,0.0018115233397111297
68389,0,28.43093687257662,193.4733428955078,19.81391143798828,0.0018138503655791283
68390,0,28.52994142970872,193.4691619873047,20.14816665649414,0.001817893935367465
68391,0,28.62776504669291,193.46498107910156,20.482118606567383,0.0018233108567073941
68392,0,28.724410294148722,193.4608154296875,20.8156681060791,0.0018296431517228484
68393,0,28.81991122128948,193.45668029785156,21.14875602722168,0.0018366241129115224
68394,0,28.914297300648155,193.4525146484375,21.481348037719727,0.0018434524536132812
68395,0,29.007647121279902,193.4484100341797,21.813461303710938,0.0018496703123673797
68396,0,29.100069466674928,193.4442901611328,22.145151138305664,0.0018548965454101562
68397,0,29.191730632633757,193.44021606445312,22.476518630981445,0.0018583297496661544
68398,0,29.282788753288763,193.43612670898438,22.807655334472656,0.0018602370982989669
68399,0,29.37340659713382,193.43206787109375,23.13865089416504,0.0018605041550472379
68400,0,29.463750373862005,193.4280242919922,23.46959114074707,0.0018593978602439165
68401,0,29.553974353045856,193.4239959716797,23.800540924072266,0.0018574523273855448
68402,0,29.64423723680452,193.4199981689453,24.131559371948242,0.001854438683949411
68403,0,29.734676615612404,193.41598510742188,24.462703704833984,0.0018510054796934128
68404,0,29.82542775050578,193.4119873046875,24.794023513793945,0.001847076346166432
68405,0,29.916589555468242,193.40802001953125,25.12555694580078,0.001842994592152536
68406,0,30.00824719387369,193.40408325195312,25.45734405517578,0.0018387221498414874
68407,0,30.10045906457378,193.40011596679688,25.78941535949707,0.0018343734554946423
68408,0,30.193305279903935,193.39614868164062,26.121803283691406,0.0018301010131835938
68409,0,30.286869565017195,193.39222717285156,26.454532623291016,0.0018259810749441385
68410,0,30.3812227946836,193.38829040527344,26.78762435913086,0.0018220519414171576
68411,0,30.476404683405406,193.38438415527344,27.121089935302734,0.0018182372441515326
68412,0,30.572401117483768,193.38046264648438,27.454912185668945,0.0018148802919313312
68413,0,30.669176836928074,193.37655639648438,27.789039611816406,0.0018125915667042136
68414,0,30.766682672681284,193.3726348876953,28.12338638305664,0.0018113326514139771
68415,0,30.864922506229757,193.3687286376953,28.457847595214844,0.0018115233397111297
68416,0,30.96424813453331,193.36480712890625,28.79230499267578,0.0018133544363081455
68417,0,31.06486282931908,193.3609161376953,29.12662124633789,0.0018167876405641437
68418,0,31.165730931513096,193.35704040527344,29.460678100585938,0.0018217848846688867
68419,0,31.267268254001483,193.35317993164062,29.79436683654785,0.0018277739873155951
68420,0,31.37003626646134,193.3492889404297,30.127609252929688,0.001834449707530439
68421,0,31.474647784863716,193.34542846679688,30.460371017456055,0.0018412780482321978
68422,0,31.58174438178828,193.3415985107422,30.792648315429688,0.0018478393321856856
68423,0,31.692012356828016,193.3377685546875,31.124481201171875,0.0018533705733716488
68424,0,31.806154018250382,193.3339385986328,31.455955505371094,0.0018572997068986297
68425,0,31.924480800153276,193.33010864257812,31.787174224853516,0.0018596649169921875
68426,0,32.04690475528883,193.32627868652344,32.11822509765625,0.0018604277865961194
68427,0,32.17245442856572,193.3224639892578,32.449195861816406,0.0018598174210637808
68428,0,32.300061774884945,193.31863403320312,32.780155181884766,0.0018580245086923242
68429,0,32.428677725050626,193.31480407714844,33.111167907714844,0.0018553542904555798
68430,0,32.557465747125505,193.31097412109375,33.44228744506836,0.0018520355224609375
68431,0,32.686486475939944,193.30714416503906,33.7735710144043,0.0018482970772311091
68432,0,32.815785207513684,193.30331420898438,34.10505676269531,0.0018442535074427724
68433,0,32.94540410771042,193.2994842529297,34.43678283691406,0.0018399810651317239
68434,0,33.07538305339297,193.295654296875,34.7687873840332,0.0018357466906309128
68435,0,33.20574734671784,193.2918243408203,35.10109329223633,0.0018313979962840676
68436,0,33.33652540382218,193.2880096435547,35.43373107910156,0.0018272780580446124
68437,0,33.46774805381384,193.2841339111328,35.76673126220703,0.0018232344882562757
68438,0,33.600162963974554,193.2802734375,36.10009765625,0.0018193053547292948
68439,0,33.7354822355408,193.27639770507812,36.433834075927734,0.0018159484025090933
68440,0,33.87320547268511,193.2725372314453,36.76788330078125,0.0018132400000467896
68441,0,34.012961128350796,193.26866149902344,37.1021842956543,0.001811714144423604
68442,0,34.154379485443236,193.26480102539062,37.43662643432617,0.0018114852719008923
68443,0,34.29711505270257,193.2609405517578,37.77109146118164,0.001812896691262722
68444,0,34.440816690522865,193.25706481933594,38.1054573059082,0.0018159865867346525
68445,0,34.58508337030788,193.25320434570312,38.43958282470703,0.0018204879015684128
68446,0,34.72954609978065,193.24932861328125,38.77337646484375,0.0018262099474668503
68447,0,34.873889439915565,193.24546813964844,39.10673904418945,0.0018327712314203382
68448,0,35.017841563976944,193.24159240722656,39.43962478637695,0.0018395613878965378
68449,0,35.161156396004195,193.23773193359375,39.77202224731445,0.0018462371081113815
68450,0,35.3036547098915,193.23388671875,40.103965759277344,0.001851959154009819
68451,0,35.4452273906412,193.2300567626953,40.43552780151367,0.0018564224010333419
68452,0,35.58582661437435,193.22622680664062,40.76681137084961,0.0018591689877212048
68453,0,35.725416700404004,193.22239685058594,41.09790802001953,0.0018602752825245261
68454,0,35.86397587231253,193.21856689453125,41.42890548706055,0.0018598937895148993
68455,0,36.00149190933214,193.21473693847656,41.75987243652344,0.0018583679338917136
68456,0,36.138044099001135,193.21090698242188,42.09088134765625,0.0018558882875368
68457,0,36.27374195812099,193.20709228515625,42.42198944091797,0.001852760324254632
68458,0,36.40863525389345,193.20326232910156,42.75325012207031,0.0018490600632503629
68459,0,36.542735035128864,193.19943237304688,43.08470153808594,0.0018450927454978228
68460,0,36.676062972227975,193.195556640625,43.4163818359375,0.001840896555222571
68461,0,36.80861501786772,193.1916961669922,43.74833297729492,0.0018365859286859632
68462,0,36.940429190173475,193.1878204345703,44.08058547973633,0.0018322753021493554
68463,0,37.07150977944443,193.1839599609375,44.41316223144531,0.0018280792282894254
68464,0,37.201829563587644,193.18011474609375,44.74609375,0.0018240356585010886
68465,0,37.33137508030814,193.17623901367188,45.07939529418945,0.0018201445927843451
68466,0,37.46010941035074,193.17237854003906,45.41305923461914,0.0018165969522669911
68467,0,37.58795179541977,193.16851806640625,45.74705123901367,0.0018137741135433316
68468,0,37.71478948609695,193.16464233398438,46.08130645751953,0.0018120574532076716
68469,0,37.84049847538804,193.16078186035156,46.41572189331055,0.0018115997081622481
68470,0,37.96499605343727,193.1569061279297,46.75019073486328,0.001812744070775807
68471,0,38.0881516280795,193.15304565429688,47.08456802368164,0.001815376221202314
68472,0,38.20984146621336,193.149169921875,47.41874313354492,0.0018197630997747183
68473,0,38.329955055966245,193.1453094482422,47.752601623535156,0.0018252182053402066
68474,0,38.448402414753986,193.1414337158203,48.08604431152344,0.0018316650530323386
68475,0,38.565127232797174,193.1375732421875,48.41901779174805,0.0018383788410574198
68476,0,38.68015981727574,193.1337127685547,48.75151443481445,0.0018450164934620261
68477,0,38.793591545187944,193.1298370361328,49.08353805541992,0.0018508147913962603
68478,0,38.905609632289675,193.1259765625,49.41517639160156,0.0018555831629782915
68479,0,39.01642729529759,193.12210083007812,49.74651336669922,0.0018586348742246628
68480,0,39.1262435831911,193.1182403564453,50.07765579223633,0.001859970041550696
68481,0,39.23524502906073,193.11436462402344,50.40868377685547,0.00185985560528934
68482,0,39.34356193391288,193.1105499267578,50.739681243896484,0.0018584823701530695
68483,0,39.451234132330804,193.10671997070312,51.07070541381836,0.0018561171600595117
68484,0,39.55831740338368,193.10289001464844,51.401824951171875,0.0018531036330386996
68485,0,39.66483841634828,193.09901428222656,51.73307418823242,0.0018495558761060238
68486,0,39.77085209768102,193.09515380859375,52.06452178955078,0.0018455504905432463
68487,0,39.876366812795865,193.09127807617188,52.39619064331055,0.0018414306687191129
68488,0,39.98144855704072,193.08741760253906,52.72813415527344,0.0018371581099927425
68489,0,40.08614281483242,193.08355712890625,53.06036376953125,0.0018329238519072533
68490,0,40.1905437739184,193.07968139648438,53.39291763305664,0.0018287658458575606
68491,0,40.29474235262053,193.07582092285156,53.7258186340332,0.0018246459076181054
68492,0,40.398810992957266,193.0719451904297,54.05908966064453,0.0018207167740911245
68493,0,40.502769689891295,193.06808471679688,54.39272689819336,0.0018171691335737705
68494,0,40.60661862232639,193.06419372558594,54.726688385009766,0.001814193674363196
68495,0,40.710330674533154,193.06033325195312,55.060916900634766,0.00181236257776618
68496,0,40.813837520714834,193.05645751953125,55.39530944824219,0.0018118285806849599
68497,0,40.91707027039785,193.05259704589844,55.72977066040039,0.001812744070775807
68498,0,41.020032528548974,193.04872131347656,56.06415557861328,0.0018153380369767547
68499,0,41.12289840336517,193.04486083984375,56.39834213256836,0.0018194197909906507
68500,0,41.225548095509936,193.04098510742188,56.73222351074219,0.0018247603438794613
68501,0,41.3278742054334,193.03712463378906,57.065696716308594,0.0018311691237613559
68502,0,41.42982178660479,193.03326416015625,57.39870834350586,0.0018378448439761996
68503,0,41.53137729002602,193.02938842773438,57.73124313354492,0.0018444823799654841
68504,0,41.63254793457774,193.02552795410156,58.06330871582031,0.0018504332983866334
68505,0,41.73339930727753,193.0216827392578,58.39497375488281,0.0018552016699686646
68506,0,41.83403819542523,193.01785278320312,58.726341247558594,0.0018583679338917136
68507,0,41.934555391225416,193.01402282714844,59.05750274658203,0.00185985560528934
68508,0,42.035040331864444,193.01019287109375,59.3885498046875,0.00185985560528934
68509,0,42.135564900780324,193.00636291503906,59.71955108642578,0.0018585586221888661
68510,0,42.236197013594484,193.00253295898438,60.050575256347656,0.0018563460325822234
68511,0,42.33699462199839,192.9987030029297,60.381683349609375,0.0018533325055614114
68512,0,42.43801933938644,192.994873046875,60.71293258666992,0.0018497466808184981
68513,0,42.539317522988284,192.9910430908203,61.044368743896484,0.001845893799327314
68514,0,42.64092389296525,192.9871826171875,61.37602996826172,0.0018417357932776213
68515,0,42.74287067771103,192.9833221435547,61.70794677734375,0.0018374633509665728
68516,0,42.84520365133904,192.9794464111328,62.040164947509766,0.0018331909086555243
68517,0,42.94794301760417,192.9755859375,62.372703552246094,0.0018290329026058316
68518,0,43.051110342943694,192.97171020507812,62.70558547973633,0.0018249511485919356
68519,0,43.15373944375843,192.9678497314453,63.03882598876953,0.0018209838308393955
68520,0,43.25573344926025,192.96397399902344,63.37242889404297,0.0018173599382862449
68521,0,43.357247982589534,192.9601287841797,63.70637512207031,0.0018144225468859076
68522,0,43.458356103060595,192.95626831054688,64.04058837890625,0.001812477014027536
68523,0,43.559086806158355,192.952392578125,64.3749771118164,0.0018118667649105191
68524,0,43.65943874143543,192.9485321044922,64.70943450927734,0.0018127060029655695
68525,0,43.75935814387293,192.9446563720703,65.0438232421875,0.001815261784940958
68526,0,43.8588020916613,192.9407958984375,65.37802124023438,0.001819190918467939
68527,0,43.95774941503051,192.9369354248047,65.71192169189453,0.0018245314713567495
68528,0,44.05617399104142,192.9330596923828,66.04541778564453,0.001830787630751729
68529,0,44.15408077556409,192.92919921875,66.37845611572266,0.0018374251667410135
68530,0,44.251526036805345,192.92532348632812,66.71102142333984,0.0018441008869558573
68531,0,44.34857805205471,192.9214630126953,67.0431137084961,0.0018500899896025658
68532,0,44.44537127911009,192.91758728027344,67.37480926513672,0.001854972797445953
68533,0,44.54202644396942,192.91372680664062,67.70619201660156,0.001858253381215036
68534,0,44.638680488312886,192.90989685058594,68.03736877441406,0.0018597793532535434
68535,0,44.735437164745385,192.90606689453125,68.36841583251953,0.00185985560528934
68536,0,44.83240899949071,192.90223693847656,68.69941711425781,0.001858673058450222
68537,0,44.92969898371678,192.89840698242188,69.03044128417969,0.0018564605852589011
68538,0,45.027417360654994,192.89459228515625,69.3615493774414,0.0018534850096330047
68539,0,45.1256852294186,192.89076232910156,69.69279479980469,0.0018499373691156507
68540,0,45.22460786097647,192.8868865966797,70.02421569824219,0.001846046419814229
68541,0,45.32427260854713,192.88302612304688,70.3558578491211,0.001841964665800333
68542,0,45.42474431627248,192.879150390625,70.68775939941406,0.0018376922234892845
68543,0,45.52608517439491,192.8752899169922,71.01995086669922,0.0018334578489884734
68544,0,45.62831728301589,192.8714141845703,71.35246276855469,0.0018292235909029841
68545,0,45.731443338038154,192.8675537109375,71.68531799316406,0.0018251418368890882
68546,0,45.835479528575206,192.8636932373047,72.01854705810547,0.0018211746355518699
68547,0,45.94038543137085,192.8598175048828,72.35212707519531,0.0018175506265833974
68548,0,46.04616504616831,192.85595703125,72.68605041503906,0.0018145751673728228
68549,0,46.15273254792266,192.85208129882812,73.02025604248047,0.0018125915667042136
68550,0,46.25997024108532,192.8482208251953,73.3546371459961,0.0018117903964594007
68551,0,46.36774080230206,192.84434509277344,73.6890869140625,0.0018125533824786544
68552,0,46.47587184488785,192.84048461914062,74.02349090576172,0.0018149184761568904
68553,0,46.58413641050511,192.8366241455078,74.35771179199219,0.001818809425458312
68554,0,46.69234986541225,192.83274841308594,74.6916275024414,0.0018240356585010886
68555,0,46.80036153812437,192.82888793945312,75.02515411376953,0.0018303298857063055
68556,0,46.90804973018461,192.82501220703125,75.35822296142578,0.0018370436737313867
68557,0,47.01533760432749,192.82115173339844,75.69081115722656,0.0018437193939462304
68558,0,47.12220454420693,192.81727600097656,76.02293395996094,0.0018497848650440574
68559,0,47.2286900550655,192.81341552734375,76.35465240478516,0.0018546676728874445
68560,0,47.33486715514515,192.80953979492188,76.68605041503906,0.0018581008771434426
68561,0,47.44086535216272,192.80572509765625,77.01724243164062,0.0018597793532535434
68562,0,47.5467685622128,192.80189514160156,77.34829711914062,0.0018599318573251367
68563,0,47.65266242783672,192.79806518554688,77.6792984008789,0.0018588256789371371
68564,0,47.75859099383457,192.7942352294922,78.01031494140625,0.0018566894577816129
68565,0,47.864579232360015,192.7904052734375,78.3414077758789,0.0018537520663812757
68566,0,47.97065920436207,192.78656005859375,78.67263793945312,0.0018502806778997183
68567,0,48.07687214897722,192.78268432617188,79.00404357910156,0.0018463515443727374
68568,0,48.18329036314735,192.77882385253906,79.3356704711914,0.0018422699067741632
68569,0,48.29000039187778,192.77496337890625,79.66754913330078,0.0018380355322733521
68570,0,48.39707089506872,192.77108764648438,79.99971771240234,0.0018337630899623036
68571,0,48.50455682396778,192.76722717285156,80.33220672607422,0.0018295287154614925
68572,0,48.612494952787756,192.7633514404297,80.6650390625,0.0018254470778629184
68573,0,48.72093433332758,192.75949096679688,80.99823760986328,0.0018214797601103783
68574,0,48.82991573173677,192.755615234375,81.33179473876953,0.0018178176833316684
68575,0,48.939446241367236,192.7517547607422,81.66569519042969,0.0018147658556699753
68576,0,49.04946882330747,192.7478790283203,81.9998779296875,0.0018127060029655695
68577,0,49.15986904398079,192.74400329589844,82.33425903320312,0.0018118285806849599
68578,0,49.27047489835665,192.74012756347656,82.66870880126953,0.0018125151982530951
68579,0,49.38113762446571,192.7362823486328,83.00311279296875,0.0018147277878597379
68580,0,49.49169754796536,192.732421875,83.33734130859375,0.0018185043008998036
68581,0,49.60205132569964,192.72854614257812,83.6712875366211,0.0018236159812659025
68582,0,49.7121493714665,192.7246856689453,84.00485229492188,0.0018297957722097635
68583,0,49.82197695738723,192.72080993652344,84.33795928955078,0.0018364714924246073
68584,0,49.931545173512596,192.71694946289062,84.67058563232422,0.0018431853968650103
68585,0,50.04085818541283,192.7130889892578,85.00273895263672,0.0018492889357730746
68586,0,50.14998430057892,192.70921325683594,85.33448791503906,0.001854324247688055
68587,0,50.2590112513179,192.70535278320312,85.6658935546875,0.0018578720046207309
68588,0,50.36811415218268,192.70152282714844,85.99710083007812,0.001859702984802425
68589,0,50.47730948566004,192.69769287109375,86.32815551757812,0.0018600082257762551
68590,0,50.586620308903825,192.69386291503906,86.65914916992188,0.0018589781830087304
68591,0,50.69606082875044,192.69003295898438,86.99015808105469,0.0018569183303043246
68592,0,50.805677167772544,192.6862030029297,87.32125091552734,0.0018539809389039874
68593,0,50.91549620086337,192.682373046875,87.65245819091797,0.0018505477346479893
68594,0,51.02559421598097,192.6785125732422,87.98384857177734,0.001846694853156805
68595,0,51.13600554215441,192.6746368408203,88.31544494628906,0.0018426132155582309
68596,0,51.24676034592814,192.6707763671875,88.64730072021484,0.0018383407732471824
68597,0,51.35783938033403,192.6669158935547,88.97943878173828,0.0018341063987463713
68598,0,51.469212129558436,192.6630401611328,89.31190490722656,0.0018298339564353228
68599,0,51.580840448764164,192.6591796875,89.64470672607422,0.0018257522024214268
68600,0,51.69270110510188,192.65530395507812,89.97786712646484,0.0018217468168586493
68601,0,51.80478248278987,192.6514434814453,90.31139373779297,0.0018180846236646175
68602,0,51.91705458726544,192.64756774902344,90.64527130126953,0.001814994728192687
68603,0,52.029483088848,192.64370727539062,90.97943115234375,0.0018127822550013661
68604,0,52.14197262607844,192.6398162841797,91.31378936767578,0.0018118285806849599
68605,0,52.25442697418915,192.63595581054688,91.64823913574219,0.0018123245099559426
68606,0,52.366751464262876,192.632080078125,91.982666015625,0.0018144225468859076
68607,0,52.478827504445945,192.6282196044922,92.31690979003906,0.0018180846236646175
68608,0,52.590601521573944,192.62437438964844,92.65089416503906,0.0018231200519949198
68609,0,52.701956129132554,192.62049865722656,92.98448944091797,0.0018291473388671875
68610,0,52.812830123331366,192.61663818359375,93.31764221191406,0.0018358611268922687
68611,0,52.923177559037725,192.61276245117188,93.65030670166016,0.0018425368471071124
68612,0,53.03301318049831,192.60890197753906,93.98250579833984,0.0018488311907276511
68613,0,53.14240997853945,192.60504150390625,94.31428527832031,0.0018538665026426315
68614,0,53.25148967489384,192.60116577148438,94.64572143554688,0.0018577193841338158
68615,0,53.36044698027307,192.59730529785156,94.97692108154297,0.0018596267327666283
68616,0,53.469462198452476,192.5934295654297,95.3079833984375,0.001859970041550696
68617,0,53.57869120861424,192.58956909179688,95.63898468017578,0.0018592070555314422
68618,0,53.68823785060836,192.585693359375,95.96998596191406,0.0018571852706372738
68619,0,53.79818501865079,192.58184814453125,96.30106353759766,0.0018543624319136143
68620,0,53.908565095740634,192.57785034179688,96.63224029541016,0.001851043663918972
68621,0,54.01943249823915,192.57366943359375,96.96360778808594,0.0018471907824277878
68622,0,54.13080527690781,192.56935119628906,97.29517364501953,0.0018430709606036544
68623,0,54.242748107847596,192.56494140625,97.62699127197266,0.0018387603340670466
68624,0,54.355318548267405,192.5603790283203,97.95909118652344,0.001834602328017354
68625,0,54.468489049735844,192.55572509765625,98.29148864746094,0.0018302917014807463
68626,0,54.582294724638544,192.5506134033203,98.62422943115234,0.0018262099474668503
