ts,agent_id,throttle,steer,brake
74325,0,0.8999999761581421,-0.0026647949125617743,0.0
74326,0,0.8999999761581421,-0.011529075913131237,0.0
74327,0,0.8999999761581421,-0.00996346678584814,0.0
74328,0,0.8999999761581421,-0.011507788673043251,0.0
74329,0,0.8999999761581421,0.0007116841152310371,0.0
74330,0,0.8999999761581421,0.003035689704120159,0.0
74331,0,0.8999999761581421,0.010176178999245167,0.0
74332,0,0.8999999761581421,0.011164856143295765,0.0
74333,0,0.8999999761581421,0.030278293415904045,0.0
74334,0,0.8999999761581421,0.04335029050707817,0.0
74335,0,0.8999999761581421,0.045147161930799484,0.0
74336,0,0.8999999761581421,0.06483802199363708,0.0
74337,0,0.8999999761581421,0.053236376494169235,0.0
74338,0,0.8999999761581421,0.054342929273843765,0.0
74339,0,0.8999999761581421,0.05494994670152664,0.0
74340,0,0.8999999761581421,0.05158375948667526,0.0
74341,0,0.8999999761581421,0.04831143096089363,0.0
74342,0,0.8999999761581421,0.049133650958538055,0.0
74343,0,0.8999999761581421,0.0594182051718235,0.0
74344,0,0.8999999761581421,0.044060371816158295,0.0
74345,0,0.8999999761581421,0.04030665382742882,0.0
74346,0,0.8999999761581421,0.04876205697655678,0.0
74347,0,0.8999999761581421,0.03879997134208679,0.0
74348,0,0.8999999761581421,0.03934380039572716,0.0
74349,0,0.8999999761581421,0.04041620343923569,0.0
74350,0,0.8999999761581421,0.03525194153189659,0.0
74351,0,0.8999999761581421,0.043620314449071884,0.0
74352,0,0.8999999761581421,0.046764347702264786,0.0
74353,0,0.8999999761581421,0.03751722723245621,0.0
74354,0,0.8999999761581421,0.035838570445775986,0.0
74355,0,0.8999999761581421,0.038444582372903824,0.0
74356,0,0.8999999761581421,0.039656173437833786,0.0
74357,0,0.8999999761581421,0.036188412457704544,0.0
74358,0,0.8999999761581421,0.03995152562856674,0.0
74359,0,0.8999999761581421,0.03807150572538376,0.0
74360,0,0.8999999761581421,0.038885053247213364,0.0
74361,0,0.8999999761581421,0.03810424357652664,0.0
74362,0,0.8999999761581421,0.04116743803024292,0.0
74363,0,0.8999999761581421,0.040860190987586975,0.0
74364,0,0.8999999761581421,0.03792397677898407,0.0
74365,0,0.8999999761581421,0.03369757533073425,0.0
74366,0,0.8999999761581421,0.038701027631759644,0.0
74367,0,0.8999999761581421,0.0398697629570961,0.0
74368,0,0.8999999761581421,0.03932352736592293,0.0
74369,0,0.8999999761581421,0.04068819433450699,0.0
74370,0,0.8999999761581421,0.04267166927456856,0.0
74371,0,0.8999999761581421,0.0377008356153965,0.0
74372,0,0.8999999761581421,0.03933659568428993,0.0
74373,0,0.8999999761581421,0.03439304605126381,0.0
74374,0,0.8999999761581421,0.03956384211778641,0.0
74375,0,0.8999999761581421,0.03526434674859047,0.0
74376,0,0.8999999761581421,0.03701692447066307,0.0
74377,0,0.8999999761581421,0.04037902131676674,0.0
74378,0,0.8999999761581421,0.03425025939941406,0.0
74379,0,0.8999999761581421,0.03745102509856224,0.0
74380,0,0.8999999761581421,0.03377155587077141,0.0
74381,0,0.8999999761581421,0.03175952658057213,0.0
74382,0,0.8999999761581421,0.031443286687135696,0.0
74383,0,0.8999999761581421,0.03309597820043564,0.0
74384,0,0.8999999761581421,0.03661351650953293,0.0
74385,0,0.8999999761581421,0.03198742866516113,0.0
74386,0,0.8999999761581421,0.03333486616611481,0.0
74387,0,0.8999999761581421,0.03139759227633476,0.0
74388,0,0.8999999761581421,0.032257720828056335,0.0
74389,0,0.8999999761581421,0.027160076424479485,0.0
74390,0,0.8999999761581421,0.03178178891539574,0.0
74391,0,0.8999999761581421,0.03318765386939049,0.0
74392,0,0.8999999761581421,0.03126927837729454,0.0
74393,0,0.8999999761581421,0.03441588208079338,0.0
74394,0,0.8999999761581421,0.029762011021375656,0.0
74395,0,0.8999999761581421,0.03402593359351158,0.0
74396,0,0.8999999761581421,0.02996300533413887,0.0
74397,0,0.8999999761581421,0.02746972255408764,0.0
74398,0,0.8999999761581421,0.03388157859444618,0.0
74399,0,0.8999999761581421,0.02809307537972927,0.0
74400,0,0.8999999761581421,0.0340208075940609,0.0
74401,0,0.8999999761581421,0.03134697675704956,0.0
74402,0,0.8999999761581421,0.03307275474071503,0.0
74403,0,0.8999999761581421,0.028388887643814087,0.0
74404,0,0.8999999761581421,0.028794247657060623,0.0
74405,0,0.8999999761581421,0.029269516468048096,0.0
74406,0,0.8999999761581421,0.02916036732494831,0.0
74407,0,0.8999999761581421,0.030653292313218117,0.0
74408,0,0.8999999761581421,0.031249506399035454,0.0
74409,0,0.8999999761581421,0.030542029067873955,0.0
74410,0,0.8999999761581421,0.02928832732141018,0.0
74411,0,0.8999999761581421,0.029191669076681137,0.0
74412,0,0.8999999761581421,0.029502978548407555,0.0
74413,0,0.8999999761581421,0.02559005096554756,0.0
74414,0,0.8999999761581421,0.029819311574101448,0.0
74415,0,0.8999999761581421,0.029830843210220337,0.0
74416,0,0.8999999761581421,0.032218191772699356,0.0
74417,0,0.8999999761581421,0.031632911413908005,0.0
74418,0,0.8999999761581421,0.03164437413215637,0.0
74419,0,0.8999999761581421,0.02963312715291977,0.0
74420,0,0.8999999761581421,0.02811088226735592,0.0
74421,0,0.8999999761581421,0.030555564910173416,0.0
74422,0,0.8999999761581421,0.030225809663534164,0.0
74423,0,0.8999999761581421,0.027420789003372192,0.0
74424,0,0.8999999761581421,0.027805224061012268,0.0
74425,0,0.8999999761581421,0.03012349084019661,0.0
74426,0,0.8999999761581421,0.02485070563852787,0.0
74427,0,0.8999999761581421,0.026296542957425117,0.0
74428,0,0.8999999761581421,0.028927475214004517,0.0
74429,0,0.8999999761581421,0.02734256349503994,0.0
74430,0,0.8999999761581421,0.02819497510790825,0.0
74431,0,0.8999999761581421,0.03555341064929962,0.0
74432,0,0.8999999761581421,0.028044596314430237,0.0
74433,0,0.8999999761581421,0.032191358506679535,0.0
74434,0,0.8999999761581421,0.031371623277664185,0.0
74435,0,0.8999999761581421,0.025727814063429832,0.0
74436,0,0.8999999761581421,0.01995673030614853,0.0
74437,0,0.8999999761581421,0.01491586398333311,0.0
74438,0,0.8999999761581421,0.013323443941771984,0.0
74439,0,0.8999999761581421,0.011000600643455982,0.0
74440,0,0.8999999761581421,0.0066856821067631245,0.0
74441,0,0.8999999761581421,0.0019396215211600065,0.0
74442,0,0.8999999761581421,0.0024223648943006992,0.0
74443,0,0.8999999761581421,-0.0011855330085381866,0.0
74444,0,0.8999999761581421,-0.0069358679465949535,0.0
74445,0,0.8999999761581421,-0.0034895038697868586,0.0
74446,0,0.8999999761581421,0.0010268904734402895,0.0
74447,0,0.8999999761581421,-0.0028644988778978586,0.0
74448,0,0.8999999761581421,-0.0018944254843518138,0.0
74449,0,0.8999999761581421,-0.0027024925220757723,0.0
74450,0,0.8999999761581421,-0.0036316358018666506,0.0
74451,0,0.8999999761581421,-0.007451809011399746,0.0
74452,0,0.8999999761581421,-0.009764587506651878,0.0
74453,0,0.8999999761581421,-0.012066075578331947,0.0
74454,0,0.8999999761581421,-0.01175240520387888,0.0
74455,0,0.8999999761581421,-0.01075810007750988,0.0
74456,0,0.8999999761581421,-0.010185443796217442,0.0
74457,0,0.8999999761581421,-0.009267907589673996,0.0
74458,0,0.8999999761581421,-0.009365390054881573,0.0
74459,0,0.8999999761581421,-0.009038484655320644,0.0
74460,0,0.8999999761581421,-0.009403165429830551,0.0
74461,0,0.8999999761581421,-0.008179547265172005,0.0
74462,0,0.8999999761581421,-0.006940687540918589,0.0
74463,0,0.8999999761581421,-0.004946538247168064,0.0
74464,0,0.8999999761581421,-0.003853448899462819,0.0
74465,0,0.8999999761581421,-0.002726830542087555,0.0
74466,0,0.8999999761581421,0.0041890572756528854,0.0
74467,0,0.8999999761581421,0.03062593750655651,0.0
74468,0,0.8465309739112854,0.03528725355863571,0.0
74469,0,0.0,0.05409473180770874,1.0
74470,0,0.0,0.03894271329045296,1.0
74471,0,0.0,0.03685014322400093,1.0
74472,0,0.0,0.02604902721941471,1.0
74473,0,0.0,0.007494985591620207,1.0
74474,0,0.0,0.014219359494745731,1.0
74475,0,0.6967244148254395,0.00290238787420094,0.0
74476,0,0.6133046746253967,0.004844115115702152,0.0
74477,0,0.5855703949928284,0.009774908423423767,0.0
74478,0,0.895105242729187,0.003551008179783821,0.0
74479,0,0.8999999761581421,0.004502258729189634,0.0
74480,0,0.8999999761581421,0.005589550826698542,0.0
74481,0,0.8999999761581421,0.0038309763185679913,0.0
74482,0,0.8999999761581421,0.0029130016919225454,0.0
74483,0,0.8999999761581421,-0.001768752932548523,0.0
74484,0,0.8999999761581421,-0.0007391516701318324,0.0
74485,0,0.8999999761581421,-0.026199117302894592,0.0
74486,0,0.8999999761581421,-0.027745896950364113,0.0
74487,0,0.8999999761581421,-0.030663657933473587,0.0
74488,0,0.8999999761581421,-0.03093159943819046,0.0
74489,0,0.694913923740387,-0.03132171928882599,0.0
74490,0,0.3406173586845398,-0.026042349636554718,0.0
74491,0,0.49618926644325256,-0.026371866464614868,0.0
74492,0,0.46684375405311584,-0.030595023185014725,0.0
74493,0,0.6970077157020569,-0.033018555492162704,0.0
74494,0,0.7765828967094421,-0.0352746807038784,0.0
74495,0,0.8999999761581421,-0.031263887882232666,0.0
74496,0,0.8999999761581421,-0.03390362858772278,0.0
74497,0,0.8999999761581421,-0.032163649797439575,0.0
74498,0,0.8999999761581421,-0.026001181453466415,0.0
74499,0,0.8999999761581421,-0.021094847470521927,0.0
74500,0,0.8999999761581421,-0.01823926717042923,0.0
74501,0,0.8999999761581421,-0.01703658699989319,0.0
74502,0,0.8999999761581421,-0.01608767732977867,0.0
74503,0,0.8999999761581421,-0.021072030067443848,0.0
74504,0,0.8999999761581421,-0.00739674037322402,0.0
74505,0,0.8999999761581421,0.0021732195746153593,0.0
74506,0,0.8999999761581421,0.010451508685946465,0.0
74507,0,0.8999999761581421,0.011988518759608269,0.0
74508,0,0.8999999761581421,0.0071211084723472595,0.0
74509,0,0.8999999761581421,0.006813960149884224,0.0
74510,0,0.8999999761581421,0.006843607872724533,0.0
74511,0,0.8999999761581421,0.0035409494303166866,0.0
74512,0,0.8999999761581421,0.004889063537120819,0.0
74513,0,0.8999999761581421,0.0014281242620199919,0.0
74514,0,0.8999999761581421,0.002160876989364624,0.0
74515,0,0.8919495940208435,0.005249483976513147,0.0
74516,0,0.8494771718978882,0.006196683272719383,0.0
74517,0,0.8720366358757019,0.004960172809660435,0.0
74518,0,0.7967225909233093,0.004794169683009386,0.0
74519,0,0.8999999761581421,0.0024776440113782883,0.0
74520,0,0.8999999761581421,0.0018293793546035886,0.0
74521,0,0.8999999761581421,0.0028877470176666975,0.0
74522,0,0.8999999761581421,0.001968975644558668,0.0
74523,0,0.8999999761581421,-0.003516320837661624,0.0
74524,0,0.8999999761581421,-0.0067368545569479465,0.0
74525,0,0.8999508619308472,-0.00143127900082618,0.0
74526,0,0.8408170342445374,-0.0019600423984229565,0.0
74527,0,0.7707172632217407,-0.0015092199901118875,0.0
74528,0,0.4094007611274719,-0.005110845435410738,0.0
74529,0,0.3562863767147064,-0.0058016423135995865,0.0
74530,0,0.423605352640152,-0.011004986241459846,0.0
74531,0,0.46800199151039124,-0.012287341989576817,0.0
74532,0,0.4164748191833496,-0.012527670711278915,0.0
74533,0,0.35227757692337036,-0.01129412092268467,0.0
74534,0,0.3532401919364929,-0.010188976302742958,0.0
74535,0,0.34286201000213623,-0.0028977703768759966,0.0
74536,0,0.37438321113586426,0.0005678547895513475,0.0
74537,0,0.5594552755355835,0.004685582127422094,0.0
74538,0,0.5356825590133667,0.0054701450280845165,0.0
74539,0,0.0,0.019411953166127205,1.0
74540,0,0.27580946683883667,0.023558098822832108,0.0
74541,0,0.0,0.030751202255487442,1.0
74542,0,0.0,0.04138806089758873,1.0
74543,0,0.0,0.02876969799399376,1.0
74544,0,0.0,0.04518378898501396,1.0
74545,0,0.0,0.036475639790296555,1.0
74546,0,0.0,0.03501753881573677,1.0
74547,0,0.0,0.02225998230278492,1.0
74548,0,0.38485509157180786,0.011049820110201836,0.0
74549,0,0.16405193507671356,0.021027274429798126,0.0
74550,0,0.89405757188797,0.005414431914687157,0.0
74551,0,0.8796197175979614,0.004192068241536617,0.0
74552,0,0.4342088997364044,0.020286334678530693,0.0
74553,0,0.6583975553512573,0.01038137637078762,0.0
74554,0,0.806903064250946,0.014583361335098743,0.0
74555,0,0.8272636532783508,0.005808109883219004,0.0
74556,0,0.8070599436759949,0.001184061635285616,0.0
74557,0,0.8999999761581421,-0.0060767182148993015,0.0
74558,0,0.8999999761581421,-0.006369766313582659,0.0
74559,0,0.8999999761581421,-0.0178175400942564,0.0
74560,0,0.8999999761581421,-0.019156862050294876,0.0
74561,0,0.8999999761581421,-0.02154300920665264,0.0
74562,0,0.8045589923858643,-0.022832505404949188,0.0
74563,0,0.7987319827079773,-0.025925934314727783,0.0
74564,0,0.6547876000404358,-0.02645089477300644,0.0
74565,0,0.5554994940757751,-0.02612624131143093,0.0
74566,0,0.4205780327320099,-0.023998606950044632,0.0
74567,0,0.6632258892059326,-0.02151888608932495,0.0
74568,0,0.46214714646339417,-0.02092180959880352,0.0
74569,0,0.770301878452301,-0.014406178146600723,0.0
74570,0,0.8999999761581421,-0.013320500031113625,0.0
74571,0,0.652690589427948,-0.014024650678038597,0.0
74572,0,0.5598295331001282,-0.007728021591901779,0.0
74573,0,0.4374340772628784,0.016152918338775635,0.0
74574,0,0.30778759717941284,0.025312263518571854,0.0
74575,0,0.0,0.08259882032871246,1.0
74576,0,0.0,0.07148086279630661,1.0
74577,0,0.0,0.05697373300790787,1.0
74578,0,0.36309775710105896,0.011385895311832428,0.0
74579,0,0.7443902492523193,0.015111143700778484,0.0
74580,0,0.51654452085495,0.020929526537656784,0.0
74581,0,0.7345690727233887,0.013813832774758339,0.0
74582,0,0.825812041759491,0.011438813991844654,0.0
74583,0,0.8999999761581421,0.012676360085606575,0.0
74584,0,0.8999999761581421,0.020655924454331398,0.0
74585,0,0.8999999761581421,0.013106977567076683,0.0
74586,0,0.8999999761581421,0.0060260482132434845,0.0
74587,0,0.8999999761581421,0.0063460469245910645,0.0
74588,0,0.8999999761581421,0.004030488897114992,0.0
74589,0,0.8999999761581421,-0.00869204755872488,0.0
74590,0,0.7963282465934753,-0.02305779419839382,0.0
74591,0,0.7829778790473938,-0.02587331086397171,0.0
74592,0,0.6989005208015442,-0.024776730686426163,0.0
74593,0,0.6071445345878601,-0.03127562254667282,0.0
74594,0,0.5417256951332092,-0.03282659500837326,0.0
74595,0,0.23137357831001282,-0.031121876090765,0.0
74596,0,0.0,-0.03140084072947502,1.0
74597,0,0.24341456592082977,-0.014150671660900116,0.0
74598,0,0.0,-0.020118894055485725,1.0
74599,0,0.2190132588148117,-0.030682098120450974,0.0
74600,0,0.20730961859226227,-0.021922729909420013,0.0
74601,0,0.19644299149513245,-0.025463763624429703,0.0
74602,0,0.0,-0.011035761795938015,1.0
74603,0,0.0,-0.008571240119636059,1.0
74604,0,0.0,-0.01046459935605526,1.0
74605,0,0.0,-0.006439580582082272,1.0
74606,0,0.0,-0.002942169550806284,1.0
74607,0,0.0,0.005182583816349506,1.0
74608,0,0.15554805099964142,0.00901927798986435,0.0
74609,0,0.18452465534210205,0.020080383867025375,0.0
74610,0,0.43409329652786255,0.026841990649700165,0.0
74611,0,0.8855879902839661,0.02032056823372841,0.0
74612,0,0.8999999761581421,0.01906677521765232,0.0
74613,0,0.8999999761581421,0.01753523200750351,0.0
74614,0,0.8999999761581421,0.0168236643075943,0.0
74615,0,0.8999999761581421,0.017463089898228645,0.0
74616,0,0.8999999761581421,0.009396709501743317,0.0
74617,0,0.8999999761581421,0.00911449920386076,0.0
74618,0,0.8999999761581421,0.0053868466056883335,0.0
74619,0,0.8999999761581421,0.004735263530164957,0.0
74620,0,0.8999999761581421,0.007400676608085632,0.0
74621,0,0.8999999761581421,0.004719751887023449,0.0
74622,0,0.8999999761581421,0.011368117295205593,0.0
74623,0,0.8999999761581421,9.431352373212576e-05,0.0
74624,0,0.8999999761581421,0.0009789980249479413,0.0
74625,0,0.8999999761581421,-0.004698859993368387,0.0
74626,0,0.8999999761581421,-0.015210292302072048,0.0
74627,0,0.8999999761581421,-0.01137168612331152,0.0
74628,0,0.8999999761581421,-0.016113974153995514,0.0
74629,0,0.8999999761581421,-0.0171998031437397,0.0
74630,0,0.6737082004547119,-0.014472909271717072,0.0
74631,0,0.293992280960083,-0.013522444292902946,0.0
74632,0,0.42346009612083435,-0.01468541007488966,0.0
74633,0,0.3245844542980194,-0.010817185044288635,0.0
74634,0,0.2393162101507187,-0.010988843627274036,0.0
74635,0,0.48544132709503174,-0.00859405379742384,0.0
74636,0,0.7240201830863953,-0.004561049398034811,0.0
74637,0,0.8623229265213013,0.0030284773092716932,0.0
74638,0,0.819209635257721,0.006072345655411482,0.0
74639,0,0.7401324510574341,0.0059771169908344746,0.0
74640,0,0.4510609209537506,0.004661767743527889,0.0
74641,0,0.0,0.011194614693522453,1.0
74642,0,0.0,-0.00443760072812438,1.0
74643,0,0.37447595596313477,0.002572548110038042,0.0
74644,0,0.7386167645454407,0.0013580010272562504,0.0
74645,0,0.7333078384399414,0.005325641017407179,0.0
74646,0,0.7695915102958679,0.010809588246047497,0.0
74647,0,0.724461555480957,0.015342939645051956,0.0
74648,0,0.8034243583679199,0.010678178630769253,0.0
74649,0,0.4813234508037567,0.013109564781188965,0.0
74650,0,0.603461503982544,0.008297854103147984,0.0
74651,0,0.2555330991744995,0.022625718265771866,0.0
74652,0,0.0,0.017964130267500877,1.0
74653,0,0.0,0.011447470635175705,1.0
74654,0,0.0,0.014791409485042095,1.0
74655,0,0.0,0.02079005166888237,1.0
74656,0,0.0,0.011490439996123314,1.0
74657,0,0.0,0.01424383744597435,1.0
74658,0,0.0,0.06124977022409439,1.0
74659,0,0.0,0.012451931834220886,1.0
74660,0,0.0,0.012983832508325577,1.0
74661,0,0.0,0.013027549721300602,1.0
74662,0,0.0,0.009291931986808777,1.0
74663,0,0.0,0.011895441450178623,1.0
74664,0,0.0,0.0023308845702558756,1.0
74665,0,0.0,-0.004571913741528988,1.0
74666,0,0.0,-0.028831806033849716,1.0
74667,0,0.0,-0.038034837692976,1.0
74668,0,0.0,-0.039011433720588684,1.0
74669,0,0.07833626121282578,-0.043841056525707245,0.0
74670,0,0.09078749269247055,-0.022320318967103958,0.0
74671,0,0.11864452809095383,-0.03732965886592865,0.0
74672,0,0.06489359587430954,-0.02030904032289982,0.0
74673,0,0.09535371512174606,0.008764084428548813,0.0
74674,0,0.0,0.020662998780608177,1.0
74675,0,0.27773213386535645,-0.027133671566843987,0.0
74676,0,0.15402865409851074,-0.016130836680531502,0.0
74677,0,0.07541467994451523,0.002607423346489668,0.0
74678,0,0.0467466339468956,-0.010814000852406025,0.0
74679,0,0.16042599081993103,0.005472603719681501,0.0
74680,0,0.0,0.019456546753644943,1.0
74681,0,0.0,0.003212031675502658,1.0
74682,0,0.0,0.0020344657823443413,1.0
74683,0,0.0,3.2037853088695556e-05,1.0
74684,0,0.0,0.011359920725226402,1.0
74685,0,0.0,0.0001712897646939382,1.0
74686,0,0.0,0.018797310069203377,1.0
74687,0,0.0,0.03235509246587753,1.0
74688,0,0.0,0.031095772981643677,1.0
74689,0,0.0,0.013886499218642712,1.0
74690,0,0.0,0.021065589040517807,1.0
74691,0,0.0,0.025959335267543793,1.0
74692,0,0.0,0.02282109297811985,1.0
74693,0,0.0,0.025042405351996422,1.0
74694,0,0.0,0.019822504371404648,1.0
74695,0,0.0,0.015178048983216286,1.0
74696,0,0.0,0.016097895801067352,1.0
74697,0,0.006244658958166838,-0.002712488640099764,0.0
74698,0,0.13476216793060303,0.013314696960151196,0.0
74699,0,0.42929500341415405,0.00847566407173872,0.0
74700,0,0.5093510746955872,0.0022221494000405073,0.0
74701,0,0.8054404258728027,-0.00563835958018899,0.0
74702,0,0.8891924023628235,-0.004556022118777037,0.0
74703,0,0.8999999761581421,0.0018475319957360625,0.0
74704,0,0.8999999761581421,-0.008688823319971561,0.0
74705,0,0.8999999761581421,-0.018623096868395805,0.0
74706,0,0.8999999761581421,-0.022253237664699554,0.0
74707,0,0.8999999761581421,-0.014552264474332333,0.0
74708,0,0.8999999761581421,0.009123600088059902,0.0
74709,0,0.8999999761581421,0.009618481621146202,0.0
74710,0,0.8999999761581421,-0.008210993371903896,0.0
74711,0,0.8999999761581421,-0.01255194004625082,0.0
74712,0,0.8999999761581421,-0.01919129118323326,0.0
74713,0,0.8999999761581421,-0.009912503883242607,0.0
74714,0,0.8999999761581421,-0.012147482484579086,0.0
74715,0,0.8999999761581421,-0.012534363195300102,0.0
74716,0,0.8999999761581421,-0.010817167349159718,0.0
74717,0,0.8999999761581421,-0.001457619247958064,0.0
74718,0,0.6280030012130737,0.013965137302875519,0.0
74719,0,0.8073286414146423,0.009327102452516556,0.0
74720,0,0.8999999761581421,0.026322226971387863,0.0
74721,0,0.8999999761581421,0.05724639818072319,0.0
74722,0,0.8999999761581421,0.053220946341753006,0.0
74723,0,0.8999999761581421,0.0569676049053669,0.0
74724,0,0.8999999761581421,0.1139688566327095,0.0
74725,0,0.8999999761581421,0.09562509506940842,0.0
74726,0,0.8999999761581421,0.04930064082145691,0.0
74727,0,0.8999999761581421,0.046631451696157455,0.0
74728,0,0.8999999761581421,0.05131244286894798,0.0
74729,0,0.8999999761581421,0.055120158940553665,0.0
74730,0,0.8999999761581421,0.03757685422897339,0.0
74731,0,0.8999999761581421,0.0392133854329586,0.0
74732,0,0.8999999761581421,0.023706723004579544,0.0
74733,0,0.8999999761581421,0.02472224459052086,0.0
74734,0,0.8999999761581421,0.03409929946064949,0.0
74735,0,0.8999999761581421,0.035677190870046616,0.0
74736,0,0.8999999761581421,0.042398858815431595,0.0
74737,0,0.8999999761581421,0.03613903373479843,0.0
74738,0,0.8999999761581421,0.026132702827453613,0.0
74739,0,0.8999999761581421,0.044055938720703125,0.0
74740,0,0.8999999761581421,0.052436262369155884,0.0
74741,0,0.8999999761581421,0.06835366785526276,0.0
74742,0,0.8999999761581421,0.11238313466310501,0.0
74743,0,0.8999999761581421,0.1955643594264984,0.0
74744,0,0.8999999761581421,0.173760324716568,0.0
74745,0,0.8999999761581421,0.23319683969020844,0.0
74746,0,0.8999999761581421,0.20392358303070068,0.0
74747,0,0.8558969497680664,0.22218798100948334,0.0
74748,0,0.6921947002410889,0.21890705823898315,0.0
74749,0,0.5079429149627686,0.2520615756511688,0.0
74750,0,0.4689977467060089,0.24747101962566376,0.0
74751,0,0.37101203203201294,0.23077215254306793,0.0
74752,0,0.5093963742256165,0.20621749758720398,0.0
74753,0,0.4059840440750122,0.2021636664867401,0.0
74754,0,0.4703710675239563,0.15628354251384735,0.0
74755,0,0.45032891631126404,0.14248083531856537,0.0
74756,0,0.4969697594642639,0.11331770569086075,0.0
74757,0,0.26666203141212463,0.13881781697273254,0.0
74758,0,0.28451380133628845,0.11580594629049301,0.0
74759,0,0.42238834500312805,0.08692707866430283,0.0
74760,0,0.25439730286598206,0.11831221729516983,0.0
74761,0,0.25921282172203064,0.10331948846578598,0.0
74762,0,0.3032098710536957,0.08167706429958344,0.0
74763,0,0.23001499474048615,0.07822976261377335,0.0
74764,0,0.22531506419181824,0.07250837236642838,0.0
74765,0,0.0,0.07072103023529053,1.0
74766,0,0.0,0.06194732338190079,1.0
74767,0,0.0,0.06451305747032166,1.0
74768,0,0.18606138229370117,0.05687989667057991,0.0
74769,0,0.0,0.09509845077991486,1.0
74770,0,0.16504895687103271,0.05979666858911514,0.0
74771,0,0.0,0.10190407931804657,1.0
74772,0,0.0,0.07801058888435364,1.0
74773,0,0.0,0.07286518067121506,1.0
74774,0,0.0,0.09832517802715302,1.0
74775,0,0.11043450981378555,0.06472497433423996,0.0
74776,0,0.211897075176239,0.04730987921357155,0.0
74777,0,0.22627542912960052,0.0444532185792923,0.0
74778,0,0.07063165307044983,0.04898128658533096,0.0
74779,0,0.08028676360845566,0.05721338838338852,0.0
74780,0,0.1861933469772339,0.03462563082575798,0.0
74781,0,0.11134715378284454,0.04197216406464577,0.0
74782,0,0.20557299256324768,0.030784761533141136,0.0
74783,0,0.16472376883029938,0.0372345969080925,0.0
74784,0,0.02906571514904499,0.015353699214756489,0.0
74785,0,0.0926460400223732,0.0034149109851568937,0.0
74786,0,0.14982424676418304,-0.012362277135252953,0.0
74787,0,0.052730657160282135,-0.02519235946238041,0.0
74788,0,0.0787438228726387,-0.029618050903081894,0.0
74789,0,0.11145234853029251,-0.04814675822854042,0.0
74790,0,0.237613245844841,-0.05453064665198326,0.0
74791,0,0.3482542037963867,-0.0669025108218193,0.0
74792,0,0.2984989881515503,-0.06535016000270844,0.0
74793,0,0.2273893505334854,-0.07779388129711151,0.0
74794,0,0.4040132761001587,-0.07923723757266998,0.0
74795,0,0.5521107316017151,-0.08895359933376312,0.0
74796,0,0.5650653839111328,-0.09468070417642593,0.0
74797,0,0.5882075428962708,-0.1004030704498291,0.0
74798,0,0.5869912505149841,-0.10373300313949585,0.0
74799,0,0.4929766058921814,-0.1081773042678833,0.0
74800,0,0.4805884063243866,-0.10994621366262436,0.0
74801,0,0.43800950050354004,-0.10836081951856613,0.0
74802,0,0.5842592716217041,-0.11562702804803848,0.0
74803,0,0.7483669519424438,-0.12238650023937225,0.0
74804,0,0.7586174607276917,-0.12171933799982071,0.0
74805,0,0.7880033254623413,-0.11717300862073898,0.0
74806,0,0.8194813132286072,-0.11369340866804123,0.0
74807,0,0.8509689569473267,-0.11931975930929184,0.0
74808,0,0.8366023898124695,-0.12191883474588394,0.0
74809,0,0.6568787693977356,-0.11448585987091064,0.0
74810,0,0.8251269459724426,-0.1249348446726799,0.0
74811,0,0.8616787195205688,-0.1275174766778946,0.0
74812,0,0.8999999761581421,-0.13072606921195984,0.0
74813,0,0.7773565053939819,-0.12914875149726868,0.0
74814,0,0.8020646572113037,-0.13458608090877533,0.0
74815,0,0.8656675219535828,-0.13395942747592926,0.0
74816,0,0.8999999761581421,-0.13919056951999664,0.0
74817,0,0.8999999761581421,-0.1456688642501831,0.0
74818,0,0.8999999761581421,-0.14106608927249908,0.0
74819,0,0.8999999761581421,-0.13615743815898895,0.0
74820,0,0.8999999761581421,-0.1329851895570755,0.0
74821,0,0.8999999761581421,-0.1258070319890976,0.0
74822,0,0.8999999761581421,-0.12172885239124298,0.0
74823,0,0.8999999761581421,-0.12767848372459412,0.0
74824,0,0.8999999761581421,-0.13422589004039764,0.0
74825,0,0.8999999761581421,-0.13733717799186707,0.0
74826,0,0.8999999761581421,-0.14003238081932068,0.0
74827,0,0.8999999761581421,-0.12737517058849335,0.0
74828,0,0.8999999761581421,-0.1266353577375412,0.0
74829,0,0.8999999761581421,-0.12588125467300415,0.0
74830,0,0.8999999761581421,-0.12203877419233322,0.0
74831,0,0.8999999761581421,-0.11157523840665817,0.0
74832,0,0.8999999761581421,-0.10867827385663986,0.0
74833,0,0.8999999761581421,-0.10954975336790085,0.0
74834,0,0.8999999761581421,-0.0993613675236702,0.0
74835,0,0.8999999761581421,-0.09299293160438538,0.0
74836,0,0.8999999761581421,-0.0886145755648613,0.0
74837,0,0.8999999761581421,-0.08374284952878952,0.0
74838,0,0.8999999761581421,-0.07714898139238358,0.0
74839,0,0.8999999761581421,-0.0749460905790329,0.0
74840,0,0.8999999761581421,-0.06813813745975494,0.0
74841,0,0.8999999761581421,-0.06266086548566818,0.0
74842,0,0.8999999761581421,-0.058328963816165924,0.0
74843,0,0.8999999761581421,-0.0527271069586277,0.0
74844,0,0.8999999761581421,-0.04974572733044624,0.0
74845,0,0.8999999761581421,-0.04562295973300934,0.0
74846,0,0.8999999761581421,-0.04246719181537628,0.0
74847,0,0.8999999761581421,-0.039810411632061005,0.0
74848,0,0.8999999761581421,-0.036281242966651917,0.0
74849,0,0.8999999761581421,-0.033253878355026245,0.0
74850,0,0.8999999761581421,-0.03146086633205414,0.0
74851,0,0.8999999761581421,-0.031313907355070114,0.0
74852,0,0.8999999761581421,-0.028918886557221413,0.0
74853,0,0.8999999761581421,-0.02588053233921528,0.0
74854,0,0.8999999761581421,-0.023412149399518967,0.0
74855,0,0.8999999761581421,-0.020983615890145302,0.0
74856,0,0.8999999761581421,-0.018523402512073517,0.0
74857,0,0.8999999761581421,-0.01725676842033863,0.0
74858,0,0.8999999761581421,-0.013913450762629509,0.0
74859,0,0.8999999761581421,-0.011093446984887123,0.0
74860,0,0.8999999761581421,-0.00924218911677599,0.0
74861,0,0.8999999761581421,-0.008922829292714596,0.0
74862,0,0.8999999761581421,-0.0063203382305800915,0.0
74863,0,0.8999999761581421,-0.004961765371263027,0.0
74864,0,0.8999999761581421,-0.0030083609744906425,0.0
74865,0,0.8999999761581421,-0.0037139994092285633,0.0
74866,0,0.8999999761581421,-0.0013883498031646013,0.0
74867,0,0.8999999761581421,-0.0004765366029459983,0.0
74868,0,0.8999999761581421,-0.002031520241871476,0.0
74869,0,0.8999999761581421,0.0008602296002209187,0.0
74870,0,0.8999999761581421,0.0015401934506371617,0.0
74871,0,0.8999999761581421,0.0028453273698687553,0.0
74872,0,0.8999999761581421,0.003146067727357149,0.0
74873,0,0.8999999761581421,0.0033502120058983564,0.0
74874,0,0.8999999761581421,0.005247870460152626,0.0
74875,0,0.8999999761581421,0.00607503205537796,0.0
74876,0,0.8999999761581421,0.004756032954901457,0.0
74877,0,0.8999999761581421,0.003656120505183935,0.0
74878,0,0.8999999761581421,0.003426341572776437,0.0
74879,0,0.8999999761581421,0.00442166393622756,0.0
74880,0,0.8999999761581421,0.0038409654516726732,0.0
74881,0,0.8999999761581421,0.0031580261420458555,0.0
74882,0,0.8999999761581421,0.003861315082758665,0.0
74883,0,0.8999999761581421,0.002838845830410719,0.0
74884,0,0.8999999761581421,0.0014692576369270682,0.0
74885,0,0.8999999761581421,0.0011821463704109192,0.0
74886,0,0.8999999761581421,-8.581421570852399e-05,0.0
74887,0,0.8999999761581421,0.0010184608399868011,0.0
74888,0,0.8999999761581421,0.0005359763163141906,0.0
74889,0,0.8999999761581421,5.628075814456679e-05,0.0
74890,0,0.8999999761581421,0.00017252060933969915,0.0
74891,0,0.8999999761581421,0.0014681278262287378,0.0
74892,0,0.8999999761581421,0.0006147852982394397,0.0
74893,0,0.8999999761581421,-0.00014807138359174132,0.0
74894,0,0.8999999761581421,8.48366198624717e-06,0.0
74895,0,0.8999999761581421,-0.0014580006245523691,0.0
74896,0,0.8999999761581421,-0.0011212296085432172,0.0
74897,0,0.8999999761581421,-0.0015512739773839712,0.0
74898,0,0.8999999761581421,-0.0006949318922124803,0.0
74899,0,0.8999999761581421,-0.0019569331780076027,0.0
74900,0,0.8999999761581421,-0.001745496061630547,0.0
74901,0,0.8999999761581421,-0.002873833291232586,0.0
74902,0,0.8999999761581421,-0.002697973046451807,0.0
74903,0,0.8527337312698364,-0.0017661048332229257,0.0
74904,0,0.7804046273231506,-0.0007912489818409085,0.0
74905,0,0.7727571725845337,0.0008419076330028474,0.0
74906,0,0.8015232682228088,0.0004294865648262203,0.0
74907,0,0.7155693173408508,0.0008409556467086077,0.0
74908,0,0.6865209341049194,-0.0008005451527424157,0.0
74909,0,0.630664587020874,-0.002508179284632206,0.0
74910,0,0.5644257664680481,-0.00421540904790163,0.0
74911,0,0.5034937262535095,-0.004237738437950611,0.0
74912,0,0.4567471742630005,-0.004228160250931978,0.0
74913,0,0.40641361474990845,-0.003623455297201872,0.0
74914,0,0.3716447651386261,-0.00407401705160737,0.0
74915,0,0.3397652208805084,-0.007825932465493679,0.0
74916,0,0.3385142683982849,-0.007783501408994198,0.0
74917,0,0.3152613043785095,-0.007720295339822769,0.0
74918,0,0.2997804880142212,-0.007857960648834705,0.0
74919,0,0.30343833565711975,-0.00680828420445323,0.0
74920,0,0.3055729269981384,-0.006608149502426386,0.0
74921,0,0.23488588631153107,-0.0073094735853374004,0.0
74922,0,0.2183467298746109,-0.007358978036791086,0.0
74923,0,0.0,-0.009682880714535713,1.0
74924,0,0.0,-0.010225116275250912,1.0
74925,0,0.0,-0.011257082223892212,1.0
74926,0,0.0,-0.013684701174497604,1.0
74927,0,0.0,-0.011646864004433155,1.0
74928,0,0.0,-0.010089857503771782,1.0
74929,0,0.0,-0.008753604255616665,1.0
74930,0,0.0,-0.008874446153640747,1.0
74931,0,0.0,-0.014731090515851974,1.0
74932,0,0.10324448347091675,-0.01468269806355238,0.0
74933,0,0.09486888349056244,-0.016846971586346626,0.0
74934,0,0.0865911915898323,-0.012161759659647942,0.0
74935,0,0.07815013080835342,-0.006201571319252253,0.0
74936,0,0.09107448160648346,0.0019450215622782707,0.0
74937,0,0.3979230225086212,0.005887123756110668,0.0
74938,0,0.3396846055984497,0.00695280684158206,0.0
74939,0,0.3179096281528473,0.006678821984678507,0.0
74940,0,0.2928229570388794,0.008307351730763912,0.0
74941,0,0.2979007065296173,0.009325668215751648,0.0
74942,0,0.28806445002555847,0.006727118976414204,0.0
74943,0,0.35885587334632874,0.005225329659879208,0.0
74944,0,0.5753697156906128,0.012337631545960903,0.0
74945,0,0.42688000202178955,0.014379780739545822,0.0
74946,0,0.2073361575603485,0.013582509942352772,0.0
74947,0,0.11358955502510071,0.010112935677170753,0.0
74948,0,0.09587136656045914,0.004449138417840004,0.0
74949,0,0.060536690056324005,-0.0032249833457171917,0.0
74950,0,0.22375237941741943,0.00021430286869872361,0.0
74951,0,0.3001501262187958,-0.003392932005226612,0.0
74952,0,0.540062427520752,-0.0020170488860458136,0.0
74953,0,0.5156344175338745,-0.0036777807399630547,0.0
74954,0,0.5029020309448242,-0.004338634200394154,0.0
74955,0,0.49960458278656006,-0.005306486506015062,0.0
74956,0,0.5352985262870789,-0.003997154999524355,0.0
74957,0,0.5398863554000854,-0.004311196971684694,0.0
74958,0,0.6541158556938171,-0.0037137800827622414,0.0
74959,0,0.6821088790893555,-0.00424014450982213,0.0
74960,0,0.6558538675308228,-0.0003016552946064621,0.0
74961,0,0.6552786827087402,0.001580266747623682,0.0
74962,0,0.6343072652816772,-0.0018839796539396048,0.0
74963,0,0.6962907314300537,-0.005493112839758396,0.0
74964,0,0.6625433564186096,-0.005616343580186367,0.0
74965,0,0.6553439497947693,-0.002127783140167594,0.0
74966,0,0.6267375349998474,0.0024475071113556623,0.0
74967,0,0.5961000919342041,0.0010996334021911025,0.0
74968,0,0.5427237153053284,-0.0032118880189955235,0.0
74969,0,0.5010603666305542,0.00405361782759428,0.0
74970,0,0.3542748987674713,0.009567680768668652,0.0
74971,0,0.618308961391449,0.01415544468909502,0.0
74972,0,0.4891023635864258,0.011978323571383953,0.0
74973,0,0.7161383628845215,0.018322570249438286,0.0
74974,0,0.8999999761581421,0.021062063053250313,0.0
74975,0,0.8999999761581421,0.022981606423854828,0.0
74976,0,0.8591647148132324,0.022626647725701332,0.0
74977,0,0.6971559524536133,0.018922723829746246,0.0
74978,0,0.6195330619812012,0.01711413823068142,0.0
74979,0,0.796244204044342,0.020717855542898178,0.0
74980,0,0.8999999761581421,0.02033303864300251,0.0
74981,0,0.8999999761581421,0.018319938331842422,0.0
74982,0,0.8452857136726379,0.016866978257894516,0.0
74983,0,0.7199115753173828,0.0025491390842944384,0.0
74984,0,0.5460925102233887,0.006406220607459545,0.0
74985,0,0.18524226546287537,-0.02892710454761982,0.0
74986,0,0.3478529453277588,-0.028874194249510765,0.0
74987,0,0.4084494709968567,-0.016559196636080742,0.0
74988,0,0.3806789219379425,-0.014645175077021122,0.0
74989,0,0.4002690613269806,-0.012472141534090042,0.0
74990,0,0.8999999761581421,0.032916516065597534,0.0
74991,0,0.8999999761581421,0.02622341550886631,0.0
74992,0,0.8999999761581421,0.023471064865589142,0.0
74993,0,0.8999999761581421,0.02359248511493206,0.0
74994,0,0.8999999761581421,0.0275449026376009,0.0
74995,0,0.8999999761581421,0.028474006801843643,0.0
74996,0,0.8999999761581421,0.026079397648572922,0.0
74997,0,0.8999999761581421,0.017260979861021042,0.0
74998,0,0.8999999761581421,0.013769527897238731,0.0
74999,0,0.8999999761581421,0.012961119413375854,0.0
75000,0,0.8999999761581421,0.013105262070894241,0.0
75001,0,0.8999999761581421,0.013688488863408566,0.0
75002,0,0.8999999761581421,0.012681039981544018,0.0
75003,0,0.8999999761581421,0.01669258251786232,0.0
75004,0,0.8999999761581421,0.015186733566224575,0.0
75005,0,0.8999999761581421,0.013760261237621307,0.0
75006,0,0.8999999761581421,0.012832840904593468,0.0
75007,0,0.8999999761581421,0.014615998603403568,0.0
75008,0,0.8999999761581421,0.014311660081148148,0.0
75009,0,0.8999999761581421,0.014758771285414696,0.0
75010,0,0.8999999761581421,0.01411508396267891,0.0
75011,0,0.8999999761581421,0.012754665687680244,0.0
75012,0,0.8999999761581421,0.009910314343869686,0.0
75013,0,0.8999999761581421,0.010617668740451336,0.0
75014,0,0.8999999761581421,0.009743906557559967,0.0
75015,0,0.8999999761581421,0.008422458544373512,0.0
75016,0,0.8999999761581421,0.008556772954761982,0.0
75017,0,0.8999999761581421,0.009609971195459366,0.0
75018,0,0.8999999761581421,0.006418177857995033,0.0
75019,0,0.8999999761581421,0.006318980827927589,0.0
75020,0,0.8999999761581421,0.004866203758865595,0.0
75021,0,0.8999999761581421,0.0014188778586685658,0.0
75022,0,0.8999999761581421,0.000542642897926271,0.0
75023,0,0.882980465888977,-0.00022768009512219578,0.0
75024,0,0.8370041847229004,-0.00132900255266577,0.0
75025,0,0.8116602301597595,-0.0020153766963630915,0.0
75026,0,0.8064730763435364,-0.002737682079896331,0.0
75027,0,0.792465329170227,-0.0023318110033869743,0.0
75028,0,0.7848386168479919,-0.0013116751797497272,0.0
75029,0,0.762980580329895,-0.0036172980908304453,0.0
75030,0,0.7241930365562439,-0.002896260702982545,0.0
75031,0,0.6801711916923523,-0.0029041951056569815,0.0
75032,0,0.684518039226532,-0.0023898945655673742,0.0
75033,0,0.6284651756286621,-0.006145548075437546,0.0
75034,0,0.5689752101898193,-0.006897075101733208,0.0
75035,0,0.5510932803153992,-0.0063301497139036655,0.0
75036,0,0.5514134764671326,-0.004996112547814846,0.0
75037,0,0.5284238457679749,-0.0039123110473155975,0.0
75038,0,0.4761202335357666,-0.0027722883969545364,0.0
75039,0,0.45391348004341125,-0.002710169181227684,0.0
75040,0,0.4522990584373474,-0.0023428176064044237,0.0
75041,0,0.42019402980804443,-0.0019401607569307089,0.0
75042,0,0.3890719413757324,-0.0006604778463952243,0.0
75043,0,0.377370148897171,-0.0005316448514349759,0.0
75044,0,0.37127038836479187,0.0007913471199572086,0.0
75045,0,0.32975995540618896,0.0008864190895110369,0.0
75046,0,0.2620578706264496,0.0005231811082921922,0.0
75047,0,0.2690994143486023,-6.920973828528076e-05,0.0
75048,0,0.27838370203971863,0.0020608885679394007,0.0
75049,0,0.28585147857666016,0.002061871811747551,0.0
75050,0,0.27726462483406067,-0.0020075079519301653,0.0
75051,0,0.1601872742176056,-0.0010642132256180048,0.0
75052,0,0.1604337841272354,-0.007067629136145115,0.0
75053,0,0.1498323231935501,-0.007436557672917843,0.0
75054,0,0.1398119181394577,-0.005848607048392296,0.0
75055,0,0.13046492636203766,-0.006431907881051302,0.0
75056,0,0.0,-0.006883477326482534,1.0
75057,0,0.11287938803434372,-0.005816305987536907,0.0
75058,0,0.10485242307186127,-0.004791125655174255,0.0
75059,0,0.09717698395252228,-0.0046845776960253716,0.0
75060,0,0.09009063988924026,-0.004560496192425489,0.0
75061,0,0.08352944254875183,-0.005411517806351185,0.0
75062,0,0.07709433138370514,-0.005588057916611433,0.0
75063,0,0.07101801782846451,-0.005229434929788113,0.0
75064,0,0.07138506323099136,-0.004273966886103153,0.0
75065,0,0.0,-0.0038104415871202946,1.0
75066,0,0.055491648614406586,-0.0026324118953198195,0.0
75067,0,0.18281173706054688,-0.002806228818371892,0.0
75068,0,0.19222386181354523,-0.0029713883996009827,0.0
75069,0,0.20108355581760406,-0.002657575299963355,0.0
75070,0,0.2672019600868225,-0.0013357289135456085,0.0
75071,0,0.29269272089004517,-0.0002918383397627622,0.0
75072,0,0.31381767988204956,0.005170742049813271,0.0
75073,0,0.257999986410141,0.005744381342083216,0.0
75074,0,0.18127380311489105,0.005570774897933006,0.0
75075,0,0.18856309354305267,0.006507790181785822,0.0
75076,0,0.08573877066373825,0.005346075631678104,0.0
75077,0,0.16204868257045746,0.002781466580927372,0.0
75078,0,0.28349074721336365,0.001612601918168366,0.0
75079,0,0.27210310101509094,0.002529462333768606,0.0
75080,0,0.11632553488016129,0.0008245020289905369,0.0
75081,0,0.028497915714979172,-0.0009090156527236104,0.0
75082,0,0.0,-0.003344479016959667,1.0
75083,0,0.03663492575287819,-0.005102915223687887,0.0
75084,0,0.0,-0.0027145890053361654,1.0
75085,0,0.0,-0.004917539656162262,1.0
75086,0,0.033489376306533813,-0.0027613374404609203,0.0
75087,0,0.03284391388297081,-0.0017342163482680917,0.0
75088,0,0.03195328637957573,-0.0031651011668145657,0.0
75089,0,0.05207640677690506,-0.0077409083023667336,0.0
75090,0,0.08491235226392746,-0.005255543161183596,0.0
75091,0,0.0,-0.007850281894207,1.0
75092,0,0.0,-0.006946022156625986,1.0
75093,0,0.030524712055921555,-0.007089728023856878,0.0
75094,0,0.044245049357414246,-0.009109865874052048,0.0
75095,0,0.1901184320449829,-0.01078987866640091,0.0
75096,0,0.015403453260660172,-0.004684638697654009,0.0
75097,0,0.16289152204990387,-0.00717031117528677,0.0
75098,0,0.2922467589378357,-0.007761373184621334,0.0
75099,0,0.20167963206768036,-0.010490571148693562,0.0
75100,0,0.4253440797328949,-0.004883169662207365,0.0
75101,0,0.09393059462308884,-0.020845944061875343,0.0
75102,0,0.2732095420360565,-0.023520689457654953,0.0
75103,0,0.37745317816734314,-0.00851544737815857,0.0
75104,0,0.5131946802139282,0.006113841664046049,0.0
75105,0,0.8999999761581421,0.009204545058310032,0.0
75106,0,0.8999999761581421,0.013806268572807312,0.0
75107,0,0.8999999761581421,0.014914206229150295,0.0
75108,0,0.8999999761581421,0.011306529864668846,0.0
75109,0,0.8999999761581421,0.014146925881505013,0.0
75110,0,0.8999999761581421,0.010631111450493336,0.0
75111,0,0.8999999761581421,0.010541140101850033,0.0
75112,0,0.830187201499939,0.012652245350182056,0.0
75113,0,0.6693485975265503,0.017266299575567245,0.0
75114,0,0.8999999761581421,0.014915707521140575,0.0
75115,0,0.6625975370407104,0.015300990082323551,0.0
75116,0,0.8999999761581421,0.004338872153311968,0.0
75117,0,0.8999999761581421,0.004178551957011223,0.0
75118,0,0.8999999761581421,-0.00031749281333759427,0.0
75119,0,0.7698480486869812,-0.006772390101104975,0.0
75120,0,0.8999999761581421,-0.003805331652984023,0.0
75121,0,0.8999999761581421,-0.002483939053490758,0.0
75122,0,0.6610510349273682,-0.003228455316275358,0.0
75123,0,0.7709832191467285,-0.003842745441943407,0.0
75124,0,0.6382868885993958,-0.0023825038224458694,0.0
75125,0,0.6163194179534912,-0.0056566717103123665,0.0
75126,0,0.6722555160522461,-0.006586159113794565,0.0
75127,0,0.46422386169433594,-0.003444574074819684,0.0
75128,0,0.44338953495025635,-0.010006926022469997,0.0
75129,0,0.7293173670768738,-0.0008383516687899828,0.0
75130,0,0.4958767592906952,-0.0038228100165724754,0.0
75131,0,0.7294900417327881,-0.0011802780209109187,0.0
75132,0,0.7321694493293762,0.0028223793487995863,0.0
75133,0,0.5516270995140076,0.0007551969611085951,0.0
75134,0,0.6492612957954407,0.0037597459740936756,0.0
75135,0,0.8031061291694641,0.004283249843865633,0.0
75136,0,0.7545316219329834,0.004509555641561747,0.0
75137,0,0.7212595343589783,0.004103460814803839,0.0
75138,0,0.6738914847373962,0.0017439991934224963,0.0
75139,0,0.41202956438064575,0.0022403092589229345,0.0
75140,0,0.8411701917648315,0.009293004870414734,0.0
75141,0,0.8999999761581421,0.011303181760013103,0.0
75142,0,0.8897635340690613,0.015648407861590385,0.0
75143,0,0.8999999761581421,0.014027399010956287,0.0
